Entity,Day,Training computation (petaFLOP),Number of parameters,Researcher affiliation,Number of parameters (Original Day),Training computation (petaFLOP) (Original Day),,,,Number of parameters,Training computation (petaFLOP),,,,
(ensemble): AWD-LSTM-DOC (fin) × 5 (WT2),2/17/2026,666.00006,185000000,Academia and industry collaboration,8/30/2018,8/30/2018,,,,185000000,666.00006,,,,
4 layer QRNN (h=2500),2/17/2026,591.5882,151000000,Industry,3/22/2018,3/22/2018,,,,151000000,591.5882,,,,
ACF-WIDER,2/17/2026,0.07638001,6144,Academia,7/15/2014,7/15/2014,,,,6144,0.07638001,,,,
ADALINE,2/17/2026,6.60E-12,17,Academia,6/30/1960,6/30/1960,,,,17,6.60E-12,,,,
ADAM (CIFAR-10),2/17/2026,0.62497985,2370000,Academia and industry collaboration,12/22/2014,12/22/2014,,,,2370000,0.62497985,,,,
ADM,2/17/2026,6200000,559000000,Industry,5/11/2021,5/11/2021,,,,559000000,6200000,,,,
AFM-on-device,2/17/2026,451260000,2730000000,Industry,7/29/2024,7/29/2024,,,,2730000000,451260000,,,,
ALBERT-xxlarge,2/17/2026,2390000,235000000,Academia and industry collaboration,2/9/2020,2/9/2020,,,,235000000,2390000,,,,
ALIGN,2/17/2026,25986700,820000000,Industry,6/11/2021,6/11/2021,,,,820000000,25986700,,,,
ALLaM adapted 70B,2/17/2026,1062000060,70000000000,Other,5/21/2024,5/21/2024,,,,70000000000,1062000060,,,,
ANN Eye Tracker,2/17/2026,1.75E-05,5620,Other,11/29/1993,11/29/1993,,,,5620,1.75E-05,,,,
AR-LDM,2/17/2026,510000,1500000000,Academia and industry collaboration,11/20/2022,11/20/2022,,,,1500000000,510000,,,,
ASE+ACE,2/17/2026,3.24E-07,324,Academia,9/1/1983,9/1/1983,,,,324,3.24E-07,,,,
AWD-LSTM + MoS + Partial Shuffled,2/17/2026,315.00003,35000000,Academia,6/10/2019,6/10/2019,,,,35000000,315.00003,,,,
AWD-LSTM - 3-layer LSTM (tied) + continuous cache pointer (WT2),2/17/2026,297.00003,33000000,Industry,8/7/2017,8/7/2017,,,,33000000,297.00003,,,,
AWD-LSTM+WT+Cache+IOG (WT2),2/17/2026,3.18,53000000,Industry,9/26/2017,9/26/2017,,,,53000000,3.18,,,,
AWD-LSTM-DRILL + dynamic evaluation† (WT2),2/17/2026,408,34000000,Academia,5/14/2019,5/14/2019,,,,34000000,408,,,,
"AWD-LSTM-MoS + dynamic evaluation (WT2, 2017)",2/17/2026,3360,35000000,Academia,11/10/2017,11/10/2017,,,,35000000,3360,,,,
Adaptive Input Transformer + RD,2/17/2026,85800.01,247000000,Academia and industry collaboration,6/28/2021,6/28/2021,,,,247000000,85800.01,,,,
AgentFounder-30B,2/17/2026,653670000,30000000000,Industry,9/16/2025,9/16/2025,,,,30000000000,653670000,,,,
AlexNet,2/17/2026,470,60000000,Academia,9/30/2012,9/30/2012,,,,60000000,470,,,,
AlexaTM 20B,2/17/2026,204374020,19750000000,Industry,8/2/2022,8/2/2022,,,,19750000000,204374020,,,,
AlphaCode,2/17/2026,238010000,41100000000,Industry,2/2/2022,2/2/2022,,,,41100000000,238010000,,,,
AlphaFold,2/17/2026,100000,16340840,Industry,1/15/2020,1/15/2020,,,,16340840,100000,,,,
AlphaFold 2,2/17/2026,2990000,93000000,Industry,11/30/2020,11/30/2020,,,,93000000,2990000,,,,
AlphaGo Fan,2/17/2026,380000.03,8209984,Industry,10/1/2015,10/1/2015,,,,8209984,380000.03,,,,
AlphaGo Zero,2/17/2026,649439.9,46400244,Industry,10/18/2017,10/18/2017,,,,46400244,649439.9,,,,
AlphaStar,2/17/2026,107734000,139000000,Industry,10/30/2019,10/30/2019,,,,139000000,107734000,,,,
AlphaX-1,2/17/2026,889.344,5400000,Academia and industry collaboration,10/2/2019,10/2/2019,,,,5400000,889.344,,,,
Amazon Titan,2/17/2026,4800000000,2.00E+11,Industry,9/28/2023,9/28/2023,,,,2.00E+11,4800000000,,,,
Ankh_large,2/17/2026,6500000,1900000000,Academia,1/16/2023,1/16/2023,,,,1900000000,6500000,,,,
Aramco Metabrain AI,2/17/2026,10500000000,2.50E+11,Other,3/4/2024,3/4/2024,,,,2.50E+11,10500000000,,,,
AudioGen,2/17/2026,9500000,1000000000,Academia and industry collaboration,3/5/2023,3/5/2023,,,,1000000000,9500000,,,,
AudioLM,2/17/2026,3900,1500000000,Industry,7/26/2023,7/26/2023,,,,1500000000,3900,,,,
BASIC-L,2/17/2026,41200000,3070000000,Industry,11/19/2021,11/19/2021,,,,3070000000,41200000,,,,
BEIT-3,2/17/2026,70000,1900000000,Industry,8/22/2022,8/22/2022,,,,1900000000,70000,,,,
BERT-Large,2/17/2026,285000,340000000,Industry,10/11/2018,10/11/2018,,,,340000000,285000,,,,
BERT-Large-CAS (PTB+WT2+WT103),2/17/2026,154050,395000000,Industry,4/20/2019,4/20/2019,,,,395000000,154050,,,,
BERT-RBP,2/17/2026,140000,110000000,Academia,4/7/2022,4/7/2022,,,,110000000,140000,,,,
BIDAF,2/17/2026,3468.6145,2600000,Other,11/5/2016,11/5/2016,,,,2600000,3468.6145,,,,
BLIP-2 (Q-Former),2/17/2026,1200000,1480000000,Industry,1/30/2023,1/30/2023,,,,1480000000,1200000,,,,
BLOOM-176B,2/17/2026,365664000,1.76E+11,Other,7/11/2022,7/11/2022,,,,1.76E+11,365664000,,,,
Bankruptcy-NN,2/17/2026,3.06E-06,36,Other,6/17/1990,6/17/1990,,,,36,3.06E-06,,,,
Base LM + kNN LM + Continuous Cache,2/17/2026,30529.201,247000000,Academia and industry collaboration,11/1/2019,11/1/2019,,,,247000000,30529.201,,,,
Big-Little Net,2/17/2026,246.048,77360000,Industry,7/10/2018,7/10/2018,,,,77360000,246.048,,,,
Big-Little Net (speech),2/17/2026,429.00482,3320000,Industry,7/10/2018,7/10/2018,,,,3320000,429.00482,,,,
BlenderBot 3,2/17/2026,430000030,1.75E+11,Academia and industry collaboration,8/10/2022,8/10/2022,,,,1.75E+11,430000030,,,,
BloombergGPT,2/17/2026,236000020,50558868480,Academia and industry collaboration,3/30/2023,3/30/2023,,,,50558868480,236000020,,,,
ByT5-XXL,2/17/2026,81000000,12900000000,Industry,5/28/2021,5/28/2021,,,,12900000000,81000000,,,,
CLIP (ViT L/14@336px),2/17/2026,10500000,370000000,Industry,1/5/2021,1/5/2021,,,,370000000,10500000,,,,
CNN Committee (MNIST),2/17/2026,52,120620,Academia,9/18/2011,9/18/2011,,,,120620,52,,,,
CNN Committee (NIST),2/17/2026,26,128420,Academia,9/18/2011,9/18/2011,,,,128420,26,,,,
CNN committee (traffic sign),2/17/2026,0.99198145,1388800,Academia,10/3/2011,10/3/2011,,,,1388800,0.99198145,,,,
CODEFUSION (Python),2/17/2026,7920,75000000,Industry,10/26/2023,10/26/2023,,,,75000000,7920,,,,
CPM-Large,2/17/2026,260520,2600000000,Academia,12/1/2020,12/1/2020,,,,2600000000,260520,,,,
CT-MoS (WT2),2/17/2026,540,45000000,Academia and industry collaboration,12/25/2020,12/25/2020,,,,45000000,540,,,,
CaLM,2/17/2026,29000,86000000,Academia,12/19/2022,12/19/2022,,,,86000000,29000,,,,
CamemBERT,2/17/2026,830000,335000000,Academia and industry collaboration,11/10/2019,11/10/2019,,,,335000000,830000,,,,
Cancer drug mechanism prediction,2/17/2026,5.35E-08,594,Other,10/16/1992,10/16/1992,,,,594,5.35E-08,,,,
Ceramic-MLP,2/17/2026,4.53E-06,1888,Academia,1/7/1994,1/7/1994,,,,1888,4.53E-06,,,,
ChatGLM3-6B,2/17/2026,50400000,6000000000,Industry,10/27/2023,10/27/2023,,,,6000000000,50400000,,,,
Chinchilla,2/17/2026,576000000,70000000000,Industry,3/29/2022,3/29/2022,,,,70000000000,576000000,,,,
CoAtNet,2/17/2026,42700004,2440000000,Industry,6/9/2021,6/9/2021,,,,2440000000,42700004,,,,
CoCa,2/17/2026,73000000,2100000000,Industry,6/14/2022,6/14/2022,,,,2100000000,73000000,,,,
CodeT5-base,2/17/2026,1560000.1,220000000,Academia and industry collaboration,11/1/2021,11/1/2021,,,,220000000,1560000.1,,,,
CodeT5-large,2/17/2026,2720000,770000000,Industry,7/5/2022,7/5/2022,,,,770000000,2720000,,,,
Codex,2/17/2026,73440000,12000000000,Industry,7/7/2021,7/7/2021,,,,12000000000,73440000,,,,
CogAgent,2/17/2026,67070004,18000000000,Academia and industry collaboration,12/14/2023,12/14/2023,,,,18000000000,67070004,,,,
CogVLM-17B,2/17/2026,63310000,17000000000,Academia and industry collaboration,11/6/2023,11/6/2023,,,,17000000000,63310000,,,,
CogView,2/17/2026,26800000,4000000000,Academia and industry collaboration,5/26/2021,5/26/2021,,,,4000000000,26800000,,,,
Cognitron,2/17/2026,5.18E-09,21600,Industry,9/1/1975,9/1/1975,,,,21600,5.18E-09,,,,
Conformer + Wav2vec 2.0 + Noisy Student,2/17/2026,7600000,1000000000,Industry,10/20/2020,10/20/2020,,,,1000000000,7600000,,,,
Contriever,2/17/2026,157000,110000000,Academia and industry collaboration,12/16/2021,12/16/2021,,,,110000000,157000,,,,
DALL-E,2/17/2026,47000000,12000000000,Industry,1/5/2021,1/5/2021,,,,12000000000,47000000,,,,
DALL·E 2,2/17/2026,336957860,3500000000,Industry,4/6/2022,4/6/2022,,,,3500000000,336957860,,,,
DBRX,2/17/2026,2600000000,1.32E+11,Industry,3/27/2024,3/27/2024,,,,1.32E+11,2600000000,,,,
DCNN,2/17/2026,480.9869,5006000,Academia,8/7/2015,8/7/2015,,,,5006000,480.9869,,,,
DDPM-IP (CelebA),2/17/2026,350000,295000000,Academia,1/27/2023,1/27/2023,,,,295000000,350000,,,,
DETR,2/17/2026,400000,60000000,Industry,5/26/2020,5/26/2020,,,,60000000,400000,,,,
DINOv2,2/17/2026,7418511,1140000000,Academia and industry collaboration,4/14/2023,4/14/2023,,,,1140000000,7418511,,,,
DITTO,2/17/2026,3317.7603,750000000,Academia and industry collaboration,6/6/2022,6/6/2022,,,,750000000,3317.7603,,,,
DLRM-2020,2/17/2026,4000,1.00E+11,Industry,5/31/2019,5/31/2019,,,,1.00E+11,4000,,,,
DLWP,2/17/2026,5684.515,2676376,Academia and industry collaboration,2/9/2021,2/9/2021,,,,2676376,5684.515,,,,
DNABERT,2/17/2026,107000.01,110000000,Academia,8/15/2021,8/15/2021,,,,110000000,107000.01,,,,
DNN EM segmentation,2/17/2026,478,218896,Academia,12/3/2012,12/3/2012,,,,218896,478,,,,
DQN,2/17/2026,2.846884,836096,Industry,12/19/2013,12/19/2013,,,,836096,2.846884,,,,
DeBERTa,2/17/2026,25880000,1500000000,Industry,6/10/2021,6/10/2021,,,,1500000000,25880000,,,,
DeLighT,2/17/2026,3801.6,99000000,Other,8/3/2020,8/3/2020,,,,99000000,3801.6,,,,
Decision tree (classification),2/17/2026,0.063,12000,Industry,12/8/2001,12/8/2001,,,,12000,0.063,,,,
Deep Autoencoders,2/17/2026,36.72864,139808256,Academia,4/29/2011,4/29/2011,,,,139808256,36.72864,,,,
DeepSeek-Coder-V2 236B,2/17/2026,1285200000,2.36E+11,Industry,6/17/2024,6/17/2024,,,,2.36E+11,1285200000,,,,
DeepSeek-R1,2/17/2026,3500000000,6.71E+11,Industry,1/20/2025,1/20/2025,,,,6.71E+11,3500000000,,,,
DeepSeek-R1 (May 2025),2/17/2026,4020010000,6.71E+11,Industry,5/28/2025,5/28/2025,,,,6.71E+11,4020010000,,,,
DeepSeek-V2.5,2/17/2026,1789200000,2.36E+11,Industry,9/6/2024,9/6/2024,,,,2.36E+11,1789200000,,,,
DeepSeek-V3,2/17/2026,3300000000,6.71E+11,Industry,12/24/2024,12/24/2024,,,,6.71E+11,3300000000,,,,
DeepSeek-V3 (Mar 2025),2/17/2026,3300000000,6.71E+11,Industry,3/24/2025,3/24/2025,,,,6.71E+11,3300000000,,,,
DeepStack,2/17/2026,14463.36,2500000,Academia,1/6/2017,1/6/2017,,,,2500000,14463.36,,,,
DeiT-B,2/17/2026,78840,86000000,Academia and industry collaboration,1/15/2021,1/15/2021,,,,86000000,78840,,,,
Denoising Diffusion Probabilistic Models (LSUN Bedroom),2/17/2026,78401.25,256000000,Academia,6/11/2021,6/11/2021,,,,256000000,78401.25,,,,
Detic,2/17/2026,23439.975,88000000,Academia and industry collaboration,1/7/2022,1/7/2022,,,,88000000,23439.975,,,,
DiT-XL/2,2/17/2026,600000,675000000,Academia,3/2/2023,3/2/2023,,,,675000000,600000,,,,
DiffDock,2/17/2026,72000,20240000,Academia,10/4/2022,10/4/2022,,,,20240000,72000,,,,
DistBelief Speech,2/17/2026,311.40002,47185920,Industry,12/3/2012,12/3/2012,,,,47185920,311.40002,,,,
DistilBERT,2/17/2026,12441.6,66000000,Industry,10/2/2019,10/2/2019,,,,66000000,12441.6,,,,
Distributed representation NN,2/17/2026,3.89E-07,432,Academia,8/15/1986,8/15/1986,,,,432,3.89E-07,,,,
Doubao-pro,2/17/2026,25050001000,5.00E+11,Industry,10/28/2024,10/28/2024,,,,5.00E+11,25050001000,,,,
DreamerV3,2/17/2026,220320,200000000,Academia and industry collaboration,1/10/2023,1/10/2023,,,,200000000,220320,,,,
Dropout (MNIST),2/17/2026,6.039371,5594010,Academia,6/3/2012,6/3/2012,,,,5594010,6.039371,,,,
Dropout-LSTM+Noise(Bernoulli) (WT2),2/17/2026,127,51000000,Academia,5/3/2018,5/3/2018,,,,51000000,127,,,,
EI-REHN-1000D,2/17/2026,10.599999,19000000,Academia,8/14/2017,8/14/2017,,,,19000000,10.599999,,,,
ELECTRA,2/17/2026,3100000,335000000,Academia and industry collaboration,3/23/2020,3/23/2020,,,,335000000,3100000,,,,
ELMo,2/17/2026,3.3001,94000000,Other,2/1/2018,2/1/2018,,,,94000000,3.3001,,,,
EMDR,2/17/2026,1910000,440000000,Academia and industry collaboration,6/9/2021,6/9/2021,,,,440000000,1910000,,,,
ERNIE 3.0,2/17/2026,22500000,10000000000,Industry,7/5/2021,7/5/2021,,,,10000000000,22500000,,,,
ERNIE 3.0 Titan,2/17/2026,1042100030,2.60E+11,Academia and industry collaboration,12/23/2021,12/23/2021,,,,2.60E+11,1042100030,,,,
ERNIE-Doc (247M),2/17/2026,30302.799,247000000,Industry,12/31/2020,12/31/2020,,,,247000000,30302.799,,,,
ERNIE-GEN (large),2/17/2026,200000,340000000,Industry,8/6/2020,8/6/2020,,,,340000000,200000,,,,
ESM1b,2/17/2026,5100000,652400000,Academia and industry collaboration,12/15/2020,12/15/2020,,,,652400000,5100000,,,,
ESM2-15B,2/17/2026,73500000,15000000000,Academia and industry collaboration,7/21/2022,7/21/2022,,,,15000000000,73500000,,,,
ESM3 (98B),2/17/2026,1070000000,98500000000,Academia and industry collaboration,6/25/2024,6/25/2024,,,,98500000000,1070000000,,,,
EVA-01,2/17/2026,15010000,1011000000,Academia,11/14/2022,11/14/2022,,,,1011000000,15010000,,,,
EXAONE 3.5 32B,2/17/2026,1250000000,32000000000,Industry,12/9/2024,12/9/2024,,,,32000000000,1250000000,,,,
EXAONE 4.0 (32B),2/17/2026,2690000000,32000000000,Industry,7/15/2025,7/15/2025,,,,32000000000,2690000000,,,,
EXAONE Deep 32B,2/17/2026,1260000000,32000000000,Industry,3/16/2025,3/16/2025,,,,32000000000,1260000000,,,,
Eagle 2,2/17/2026,47156000,8930000000,Academia and industry collaboration,1/20/2025,1/20/2025,,,,8930000000,47156000,,,,
EfficientNetV2-XL,2/17/2026,95600.01,208000000,Industry,6/23/2021,6/23/2021,,,,208000000,95600.01,,,,
EnhanceNet,2/17/2026,130.79233,814464,Academia,12/23/2016,12/23/2016,,,,814464,130.79233,,,,
FFN SwiGLU,2/17/2026,33687.316,220000000,Industry,2/14/2020,2/14/2020,,,,220000000,33687.316,,,,
FGN,2/17/2026,9618951,720000000,Industry,6/12/2025,6/12/2025,,,,720000000,9618951,,,,
FLAN 137B,2/17/2026,2047000000,1.37E+11,Industry,9/3/2021,9/3/2021,,,,1.37E+11,2047000000,,,,
FTW (For The Win),2/17/2026,34900,126001330,Industry,7/3/2018,7/3/2018,,,,126001330,34900,,,,
Falcon-180B,2/17/2026,3760000300,1.80E+11,Other,9/6/2023,9/6/2023,,,,1.80E+11,3760000300,,,,
Falcon-40B,2/17/2026,240000000,40000000000,Other,3/15/2023,3/15/2023,,,,40000000000,240000000,,,,
Feedback Transformer,2/17/2026,7690.5474,126000000,Academia and industry collaboration,2/21/2020,2/21/2020,,,,126000000,7690.5474,,,,
Feedforward NN,2/17/2026,0.35000002,7082000,Academia,5/13/2010,5/13/2010,,,,7082000,0.35000002,,,,
FinGPT-13B,2/17/2026,160000000,13000000000,Academia,10/7/2023,10/7/2023,,,,13000000000,160000000,,,,
Fine-tuned-AWD-LSTM-DOC (fin),2/17/2026,51.88,46000000,Industry,11/12/2018,11/12/2018,,,,46000000,51.88,,,,
Flamingo,2/17/2026,218972000,80000000000,Industry,4/29/2022,4/29/2022,,,,80000000000,218972000,,,,
Flan-PaLM 540B,2/17/2026,2540000000,5.40E+11,Industry,10/20/2022,10/20/2022,,,,5.40E+11,2540000000,,,,
Florence,2/17/2026,48310000,893000000,Industry,11/22/2021,11/22/2021,,,,893000000,48310000,,,,
Fold2Seq,2/17/2026,140,12427904,Academia and industry collaboration,6/24/2021,6/24/2021,,,,12427904,140,,,,
Fractional Max-Pooling,2/17/2026,100,27000000,Academia,12/18/2014,12/18/2014,,,,27000000,100,,,,
Fraternal dropout + AWD-LSTM 3-layer (WT2),2/17/2026,306,34000000,Academia,10/31/2017,10/31/2017,,,,34000000,306,,,,
FunSearch,2/17/2026,387000000,15000000000,Industry,12/14/2023,12/14/2023,,,,15000000000,387000000,,,,
Fusion in Encoder,2/17/2026,130000,330000000,Industry,11/18/2022,11/18/2022,,,,330000000,130000,,,,
GL-LWGC-AWD-MoS-LSTM + dynamic evaluation (WT2),2/17/2026,456.00003,38000000,Academia,8/29/2017,8/29/2017,,,,38000000,456.00003,,,,
GLM-130B,2/17/2026,354900540,1.30E+11,Academia,8/4/2022,8/4/2022,,,,1.30E+11,354900540,,,,
GLM-4.5,2/17/2026,4420000300,3.55E+11,Academia and industry collaboration,8/5/2025,8/5/2025,,,,3.55E+11,4420000300,,,,
GLM-4.6,2/17/2026,4420000300,3.57E+11,Academia and industry collaboration,9/30/2025,9/30/2025,,,,3.57E+11,4420000300,,,,
GLM-4.7,2/17/2026,4420000300,3.58E+11,Industry,12/22/2025,12/22/2025,,,,3.58E+11,4420000300,,,,
GLM-5,2/17/2026,6840000500,7.44E+11,Industry,,,,,,7.44E+11,6840000500,,,,
GLaM,2/17/2026,363631140,1.20E+12,Industry,12/13/2021,12/13/2021,,,,1.20E+12,363631140,,,,
GNMT,2/17/2026,6620000,278000000,Industry,9/26/2016,9/26/2016,,,,278000000,6620000,,,,
GNN,2/17/2026,1.61E-06,30,Academia,12/9/2008,12/9/2008,,,,30,1.61E-06,,,,
GOAT,2/17/2026,24120000,3472816,Industry,7/27/2021,7/27/2021,,,,3472816,24120000,,,,
GPT-1,2/17/2026,17578.125,117000000,Industry,6/1/2018,6/1/2018,,,,117000000,17578.125,,,,
GPT-2 (1.5B),2/17/2026,1920000.1,1500000000,Industry,2/14/2019,2/14/2019,,,,1500000000,1920000.1,,,,
GPT-2 Medium (FlashAttention),2/17/2026,892809.25,355000000,Academia,5/27/2022,5/27/2022,,,,355000000,892809.25,,,,
GPT-3 175B (davinci),2/17/2026,314000000,1.75E+11,Industry,5/28/2020,5/28/2020,,,,1.75E+11,314000000,,,,
GPT-4 (Jun 2023),2/17/2026,21000000000,1.80E+12,Industry,3/15/2023,3/15/2023,,,,1.80E+12,21000000000,,,,
GPT-4 (Mar 2023),2/17/2026,21000000000,1.80E+12,Industry,3/15/2023,3/15/2023,,,,1.80E+12,21000000000,,,,
GPT-NeoX-20B,2/17/2026,93162700,20000000000,Other,2/9/2022,2/9/2022,,,,20000000000,93162700,,,,
GPU DBNs,2/17/2026,1,100000000,Academia,6/15/2009,6/15/2009,,,,100000000,1,,,,
GQA-8-XXL,2/17/2026,34912896,11000000000,Industry,12/23/2023,12/23/2023,,,,11000000000,34912896,,,,
GShard (dense),2/17/2026,47650000,2300000000,Industry,6/30/2020,6/30/2020,,,,2300000000,47650000,,,,
Galactica,2/17/2026,324000000,1.20E+11,Industry,11/16/2022,11/16/2022,,,,1.20E+11,324000000,,,,
Gato,2/17/2026,4020000,1180000000,Industry,5/12/2022,5/12/2022,,,,1180000000,4020000,,,,
GenSLM,2/17/2026,1420000,25000000000,Academia and industry collaboration,10/11/2022,10/11/2022,,,,25000000000,1420000,,,,
Generative BST,2/17/2026,14490000,9431810048,Industry,3/5/2021,3/5/2021,,,,9431810048,14490000,,,,
German ELECTRA Large,2/17/2026,1428295.6,335000000,Other,10/21/2020,10/21/2020,,,,335000000,1428295.6,,,,
GoogLeNet / InceptionV1,2/17/2026,1510,6797700,Academia and industry collaboration,9/17/2014,9/17/2014,,,,6797700,1510,,,,
Gopher (280B),2/17/2026,631000000,2.80E+11,Industry,12/8/2021,12/8/2021,,,,2.80E+11,631000000,,,,
Grok 3,2/17/2026,3.50E+11,3.00E+12,Industry,2/17/2025,2/17/2025,,,,3.00E+12,3.50E+11,,,,
Grok 4,2/17/2026,5.00E+11,3.00E+12,Industry,7/9/2025,7/9/2025,,,,3.00E+12,5.00E+11,,,,
Grok-1,2/17/2026,2900000000,3.14E+11,Industry,11/4/2023,11/4/2023,,,,3.14E+11,2900000000,,,,
HR-ResNet101,2/17/2026,7077,44500000,Academia,12/13/2016,12/13/2016,,,,44500000,7077,,,,
Hanabi 4 player,2/17/2026,4300,764000,Academia and industry collaboration,2/1/2019,2/1/2019,,,,764000,4300,,,,
Handwritten digit recognition network,2/17/2026,0.00018144,2578,Industry,11/27/1989,11/27/1989,,,,2578,0.00018144,,,,
Hierarchical Scene Labeling (Stanford Background),2/17/2026,237.74689,51609600,Academia,8/1/2013,8/1/2013,,,,51609600,237.74689,,,,
High Performance CNN (NORB),2/17/2026,25.7985,4878300,Academia,7/16/2011,7/16/2011,,,,4878300,25.7985,,,,
HuBERT,2/17/2026,5540000,1000000000,Industry,7/27/2021,7/27/2021,,,,1000000000,5540000,,,,
Hunyuan-Large,2/17/2026,3492370000,3.89E+11,Industry,11/6/2024,11/6/2024,,,,3.89E+11,3492370000,,,,
Hunyuan-TurboS,2/17/2026,5400000000,5.60E+11,Industry,3/11/2025,3/11/2025,,,,5.60E+11,5400000000,,,,
Hybrid H3-2.7B,2/17/2026,6480000,2700000000,Academia,12/28/2022,12/28/2022,,,,2700000000,6480000,,,,
HyenaDNA,2/17/2026,1811000,6600000,Academia,6/27/2023,6/27/2023,,,,6600000,1811000,,,,
HyperCLOVA 204B,2/17/2026,200000000,2.04E+11,Industry,9/10/2021,9/10/2021,,,,2.04E+11,200000000,,,,
IMPALA,2/17/2026,168000,1600000,Industry,2/5/2018,2/5/2018,,,,1600000,168000,,,,
ISS,2/17/2026,3.4,11100000,Academia and industry collaboration,9/15/2017,9/15/2017,,,,11100000,3.4,,,,
Image generation,2/17/2026,0.47520003,784000,Academia,12/20/2013,12/20/2013,,,,784000,0.47520003,,,,
Imagen,2/17/2026,14600000,7762000000,Industry,5/23/2022,5/23/2022,,,,7762000000,14600000,,,,
Inception v3,2/17/2026,100000,23626728,Academia and industry collaboration,12/2/2015,12/2/2015,,,,23626728,100000,,,,
Incoder-6.7B,2/17/2026,3000010.2,6700000000,Academia and industry collaboration,4/9/2023,4/9/2023,,,,6700000000,3000010.2,,,,
InstructBLIP,2/17/2026,194000,13000000000,Academia and industry collaboration,5/11/2023,5/11/2023,,,,13000000000,194000,,,,
InstructGPT 175B,2/17/2026,319181000,1.75E+11,Industry,1/27/2022,1/27/2022,,,,1.75E+11,319181000,,,,
InternImage,2/17/2026,2408000.2,1080000000,Academia and industry collaboration,11/10/2022,11/10/2022,,,,1080000000,2408000.2,,,,
InternLM,2/17/2026,998400000,1.04E+11,Academia and industry collaboration,7/6/2023,7/6/2023,,,,1.04E+11,998400000,,,,
Invariant CNN,2/17/2026,0.00097423,90575,Academia,6/27/2004,6/27/2004,,,,90575,0.00097423,,,,
JFT,2/17/2026,843000.06,44654504,Academia and industry collaboration,7/10/2017,7/10/2017,,,,44654504,843000.06,,,,
JPMAX,2/17/2026,8.08E-08,4446,Other,12/2/1994,12/2/1994,,,,4446,8.08E-08,,,,
Jais,2/17/2026,48946764,13000000000,Academia and industry collaboration,8/29/2023,8/29/2023,,,,13000000000,48946764,,,,
Jurassic-1-Jumbo,2/17/2026,370000000,1.78E+11,Industry,8/11/2021,8/11/2021,,,,1.78E+11,370000000,,,,
K-EXAONE,2/17/2026,1520000000,2.36E+11,Industry,12/31/2025,12/31/2025,,,,2.36E+11,1520000000,,,,
KEPLER,2/17/2026,1660000,125000000,Other,11/23/2020,11/23/2020,,,,125000000,1660000,,,,
KN-LM,2/17/2026,773.03815,21000000000,Industry,6/22/2007,6/22/2007,,,,21000000000,773.03815,,,,
KataGo,2/17/2026,23200.002,2500000,Industry,2/27/2019,2/27/2019,,,,2500000,23200.002,,,,
Kimi K2,2/17/2026,2976000000,1.00E+12,Industry,7/11/2025,7/11/2025,,,,1.00E+12,2976000000,,,,
Kimi K2 Thinking,2/17/2026,4200000000,1.00E+12,Industry,11/6/2025,11/6/2025,,,,1.00E+12,4200000000,,,,
Kimi K2.5,2/17/2026,5800000000,1.04E+12,Industry,2/2/2026,2/2/2026,,,,1.04E+12,5800000000,,,,
LCNP LabelMe,2/17/2026,3.2951503,13729792,Academia,11/22/2009,11/22/2009,,,,13729792,3.2951503,,,,
LCNP MNIST,2/17/2026,4.1818523,11616256,Other,11/22/2009,11/22/2009,,,,11616256,4.1818523,,,,
LCNP NORB,2/17/2026,2.45209,16818176,Other,11/22/2009,11/22/2009,,,,16818176,2.45209,,,,
LISSOM,2/17/2026,0.000195545,432800,Academia,11/27/1995,11/27/1995,,,,432800,0.000195545,,,,
LLaMA-65B,2/17/2026,550000000,65200000000,Industry,2/24/2023,2/24/2023,,,,65200000000,550000000,,,,
LLaVA,2/17/2026,78049000,13000000000,Academia and industry collaboration,4/17/2023,4/17/2023,,,,13000000000,78049000,,,,
LLaVA 1.5,2/17/2026,78070000,13000000000,Academia and industry collaboration,11/5/2023,11/5/2023,,,,13000000000,78070000,,,,
LLaVA-OV-72B,2/17/2026,3036552000,72000000000,Academia and industry collaboration,8/6/2024,8/6/2024,,,,72000000000,3036552000,,,,
LMICA,2/17/2026,2.7820802,4096000,Other,12/1/2004,12/1/2004,,,,4096000,2.7820802,,,,
LSTM,2/17/2026,0.031512,10504,Academia,11/15/1997,11/15/1997,,,,10504,0.031512,,,,
LSTM LM,2/17/2026,16.6,102720000,Academia,9/9/2012,9/9/2012,,,,102720000,16.6,,,,
LSTM+NeuralCache,2/17/2026,0.9828,2100000,Academia and industry collaboration,9/24/2018,9/24/2018,,,,2100000,0.9828,,,,
LTE speaker verification system,2/17/2026,1.06E-07,2061,Industry,11/1/1966,11/1/1966,,,,2061,1.06E-07,,,,
LUKE,2/17/2026,18144000,483000000,Academia,10/2/2020,10/2/2020,,,,483000000,18144000,,,,
LaMDA,2/17/2026,355000000,1.37E+11,Industry,2/10/2022,2/10/2022,,,,1.37E+11,355000000,,,,
LeNet-5,2/17/2026,0.002810938,60000,Industry,11/1/1998,11/1/1998,,,,60000,0.002810938,,,,
Ling-1T,2/17/2026,6000001500,1.00E+12,Industry,10/10/2025,10/10/2025,,,,1.00E+12,6000001500,,,,
Llama 2-70B,2/17/2026,810000000,70000000000,Industry,7/18/2023,7/18/2023,,,,70000000000,810000000,,,,
Llama 2-7B,2/17/2026,84000000,7000000000,Industry,7/18/2023,7/18/2023,,,,7000000000,84000000,,,,
Llama 3-70B,2/17/2026,7861000000,70000000000,Industry,4/18/2024,4/18/2024,,,,70000000000,7861000000,,,,
Llama 3.1-405B,2/17/2026,38000000000,4.05E+11,Industry,7/23/2024,7/23/2024,,,,4.05E+11,38000000000,,,,
Llama 3.2 11B,2/17/2026,579000000,10600000000,Industry,9/24/2024,9/24/2024,,,,10600000000,579000000,,,,
Llama 3.3 70B,2/17/2026,6864977000,70000000000,Industry,12/6/2024,12/6/2024,,,,70000000000,6864977000,,,,
Llama 4 Behemoth (preview),2/17/2026,51840000000,2.00E+12,Industry,4/5/2025,4/5/2025,,,,2.00E+12,51840000000,,,,
Llama 4 Maverick,2/17/2026,2244000000,4.00E+11,Industry,4/5/2025,4/5/2025,,,,4.00E+11,2244000000,,,,
Llama 4 Scout,2/17/2026,4080000300,1.09E+11,Industry,4/5/2025,4/5/2025,,,,1.09E+11,4080000300,,,,
Llama Guard,2/17/2026,160000000,7000000000,Industry,12/7/2023,12/7/2023,,,,7000000000,160000000,,,,
LongCat-Flash,2/17/2026,3725999900,5.60E+11,Industry,9/1/2025,9/1/2025,,,,5.60E+11,3725999900,,,,
M6-T,2/17/2026,5500000.5,1.00E+12,Industry,3/5/2021,3/5/2021,,,,1.00E+12,5500000.5,,,,
MLN-ASR,2/17/2026,2.96E-07,10000,Academia,8/1/1988,8/1/1988,,,,10000,2.96E-07,,,,
MLP with back-propagation,2/17/2026,6.74E-07,720,Academia,10/1/1986,10/1/1986,,,,720,6.74E-07,,,,
MM1-30B,2/17/2026,486000000,30000000000,Industry,3/14/2024,3/14/2024,,,,30000000000,486000000,,,,
MMLSTM (PTB),2/17/2026,58.298782,21300000,Academia,12/5/2019,12/5/2019,,,,21300000,58.298782,,,,
MMLSTM (WT-2),2/17/2026,193.8,32300000,Academia,12/5/2019,12/5/2019,,,,32300000,193.8,,,,
MSA Transformer,2/17/2026,5490000,100000000,Academia and industry collaboration,2/13/2021,2/13/2021,,,,100000000,5490000,,,,
"MSRA (C, PReLU)",2/17/2026,23974.031,87048800,Industry,2/6/2015,2/6/2015,,,,87048800,23974.031,,,,
MUSIC perceptron,2/17/2026,0.000881734,13607,Other,6/3/1996,6/3/1996,,,,13607,0.000881734,,,,
Make-A-Scene,2/17/2026,6417285,4000000000,Industry,3/24/2022,3/24/2022,,,,4000000000,6417285,,,,
Masked Autoencoders ViT-H,2/17/2026,460000,632000000,Industry,11/11/2021,11/11/2021,,,,632000000,460000,,,,
MedBERT,2/17/2026,9470,17000000,Academia,5/20/2021,5/20/2021,,,,17000000,9470,,,,
Meena,2/17/2026,112000000,2600000000,Industry,1/28/2020,1/28/2020,,,,2600000000,112000000,,,,
MegaScale (Production),2/17/2026,3900000000,5.30E+11,Academia and industry collaboration,2/23/2024,2/23/2024,,,,5.30E+11,3900000000,,,,
Megatron-BERT,2/17/2026,22000002,3900000000,Industry,9/17/2019,9/17/2019,,,,3900000000,22000002,,,,
Megatron-LM (1.2B),2/17/2026,11300000,1200000000,Industry,9/17/2019,9/17/2019,,,,1200000000,11300000,,,,
Megatron-LM (8.3B),2/17/2026,9100000,8300000000,Industry,9/17/2019,9/17/2019,,,,8300000000,9100000,,,,
Megatron-Turing NLG 530B,2/17/2026,858600060,5.30E+11,Industry,10/11/2021,10/11/2021,,,,5.30E+11,858600060,,,,
Mesh-TensorFlow Transformer 2.9B (translation),2/17/2026,68428.805,2900000000,Industry,11/5/2018,11/5/2018,,,,2900000000,68428.805,,,,
Mesh-TensorFlow Transformer 4.9B (language),2/17/2026,161740.8,4900000000,Industry,11/5/2018,11/5/2018,,,,4900000000,161740.8,,,,
MetNet,2/17/2026,9510.912,225000000,Industry,3/24/2020,3/24/2020,,,,225000000,9510.912,,,,
Meta Pseudo Labels,2/17/2026,47900004,480000000,Industry,3/1/2021,3/1/2021,,,,480000000,47900004,,,,
Minerva (540B),2/17/2026,2741500200,5.40E+11,Industry,6/29/2022,6/29/2022,,,,5.40E+11,2741500200,,,,
Mistral Large 2,2/17/2026,21300000000,1.23E+11,Industry,7/24/2024,7/24/2024,,,,1.23E+11,21300000000,,,,
Mixtral 8x7B,2/17/2026,774000000,46700000000,Industry,12/11/2023,12/11/2023,,,,46700000000,774000000,,,,
Mixture of linear models,2/17/2026,0.0004536,384000,Other,12/2/1994,12/2/1994,,,,384000,0.0004536,,,,
MoE-Multi,2/17/2026,93939.055,8700000000,Academia and industry collaboration,1/23/2017,1/23/2017,,,,8700000000,93939.055,,,,
Mogrifier RLSTM (WT2),2/17/2026,140,35000000,Industry,11/3/2022,11/3/2022,,,,35000000,140,,,,
Movie Gen Video,2/17/2026,1650000000,30000000000,Industry,10/4/2024,10/4/2024,,,,30000000000,1650000000,,,,
MuZero,2/17/2026,48000,36864000,Industry,11/19/2019,11/19/2019,,,,36864000,48000,,,,
Multi-cell LSTM,2/17/2026,2.00664,7200000,Academia,11/15/2018,11/15/2018,,,,7200000,2.00664,,,,
MuseNet,2/17/2026,220830.11,2038431744,Industry,4/25/2019,4/25/2019,,,,2038431744,220830.11,,,,
NAS with base 8 and shared embeddings,2/17/2026,10.5,54000000,Industry,11/5/2016,11/5/2016,,,,54000000,10.5,,,,
NASv3 (CIFAR-10),2/17/2026,2200000,37400000,Industry,11/5/2016,11/5/2016,,,,37400000,2200000,,,,
NETtalk reimplementation,2/17/2026,3.58E-05,27480,Academia,6/1/1990,6/1/1990,,,,27480,3.58E-05,,,,
NLLB,2/17/2026,17511138,54500000000,Industry,7/6/2022,7/6/2022,,,,54500000000,17511138,,,,
NPLM (AP News),2/17/2026,1.6668692,11904264,Academia,3/15/2003,3/15/2003,,,,11904264,1.6668692,,,,
NPLM (Brown),2/17/2026,0.13207626,4124233,Academia,3/15/2003,3/15/2003,,,,4124233,0.13207626,,,,
NVLM-D 72B,2/17/2026,3020000000,72000000000,Industry,10/22/2024,10/22/2024,,,,72000000000,3020000000,,,,
NVLM-H 72B,2/17/2026,3020000000,72000000000,Industry,10/22/2024,10/22/2024,,,,72000000000,3020000000,,,,
NVLM-X 72B,2/17/2026,3039818200,72000000000,Industry,10/22/2024,10/22/2024,,,,72000000000,3039818200,,,,
Nemotron 3-Nano-30B-A3B,2/17/2026,480000000,31600000000,Industry,12/15/2025,12/15/2025,,,,31600000000,480000000,,,,
Nemotron-3-8B,2/17/2026,180000000,8000000000,Industry,11/15/2023,11/15/2023,,,,8000000000,180000000,,,,
Nemotron-4 340B,2/17/2026,18000000000,3.40E+11,Industry,6/14/2024,6/14/2024,,,,3.40E+11,18000000000,,,,
Neocognitron,2/17/2026,2.74E-07,1140576,Industry,4/1/1980,4/1/1980,,,,1140576,2.74E-07,,,,
NetTalk (dictionary),2/17/2026,2.77E-05,18629,Academia,6/6/1987,6/6/1987,,,,18629,2.77E-05,,,,
NetTalk (transcription),2/17/2026,2.83E-05,18629,Academia,6/6/1987,6/6/1987,,,,18629,2.83E-05,,,,
Neural LM,2/17/2026,6.339,6906980,Academia,11/28/2000,11/28/2000,,,,6906980,6.339,,,,
NeuroChess,2/17/2026,0.000858731,72251,Other,12/2/1994,12/2/1994,,,,72251,0.000858731,,,,
Noisy Student (L2),2/17/2026,26120000,480000000,Academia and industry collaboration,11/11/2019,11/11/2019,,,,480000000,26120000,,,,
Nucleotide Transformer,2/17/2026,8080000,2500000000,Academia and industry collaboration,1/15/2023,1/15/2023,,,,2500000000,8080000,,,,
NÜWA,2/17/2026,7245988,870000000,Academia and industry collaboration,11/24/2021,11/24/2021,,,,870000000,7245988,,,,
ONE-PEACE,2/17/2026,180000,4000000000,Academia and industry collaboration,5/18/2023,5/18/2023,,,,4000000000,180000,,,,
OPT-175B,2/17/2026,430000030,1.75E+11,Industry,5/2/2022,5/2/2022,,,,1.75E+11,430000030,,,,
Octo-Base,2/17/2026,585000,93000000,Academia and industry collaboration,5/20/2024,5/20/2024,,,,93000000,585000,,,,
Olmo 3,2/17/2026,1100000000,32000000000,Other,11/20/2025,11/20/2025,,,,32000000000,1100000000,,,,
OmegaPLM,2/17/2026,10351411,670000000,Academia,7/22/2022,7/22/2022,,,,670000000,10351411,,,,
Once for All,2/17/2026,623700,7700000,Academia and industry collaboration,4/29/2020,4/29/2020,,,,7700000,623700,,,,
OpenAI Five,2/17/2026,67000004,159000000,Industry,12/13/2019,12/13/2019,,,,159000000,67000004,,,,
OpenAI Five Rerun,2/17/2026,13000000,159000000,Industry,12/13/2019,12/13/2019,,,,159000000,13000000,,,,
OpenVLA,2/17/2026,110000000,7188100000,Academia and industry collaboration,6/13/2024,6/13/2024,,,,7188100000,110000000,,,,
PLATO-XL,2/17/2026,9900000,11000000000,Industry,9/20/2021,9/20/2021,,,,11000000000,9900000,,,,
PLUG,2/17/2026,35997696,27000000000,Industry,4/19/2021,4/19/2021,,,,27000000000,35997696,,,,
PaLI,2/17/2026,169000020,16900000000,Industry,9/14/2022,9/14/2022,,,,16900000000,169000020,,,,
PaLI-X,2/17/2026,560000000,55000000000,Industry,5/29/2023,5/29/2023,,,,55000000000,560000000,,,,
PaLM (540B),2/17/2026,2527200000,5.40E+11,Industry,4/4/2022,4/4/2022,,,,5.40E+11,2527200000,,,,
PaLM 2,2/17/2026,7339999700,3.40E+11,Industry,5/10/2023,5/10/2023,,,,3.40E+11,7339999700,,,,
PanGu-Σ,2/17/2026,467000000,1.09E+12,Industry,3/20/2023,3/20/2023,,,,1.09E+12,467000000,,,,
Pangu Ultra,2/17/2026,10692001000,1.35E+11,Industry,4/10/2025,4/10/2025,,,,1.35E+11,10692001000,,,,
Pangu-Weather,2/17/2026,39800000,256000000,Industry,7/5/2023,7/5/2023,,,,256000000,39800000,,,,
Parti,2/17/2026,509607970,20000000000,Industry,6/22/2022,6/22/2022,,,,20000000000,509607970,,,,
Perceptron (1960),2/17/2026,7.20E-07,1000,Academia,3/30/1960,3/30/1960,,,,1000,7.20E-07,,,,
Perceptron Mark I,2/17/2026,6.95E-10,1000,Academia,1/1/1957,1/1/1957,,,,1000,6.95E-10,,,,
PermuteFormer,2/17/2026,2775,149697024,Academia,9/6/2021,9/6/2021,,,,149697024,2775,,,,
PoE MNIST,2/17/2026,0.051810004,3925310,Academia,11/28/2000,11/28/2000,,,,3925310,0.051810004,,,,
Pointer Sentinel-LSTM (medium),2/17/2026,7.49,21000000,Industry,9/26/2016,9/26/2016,,,,21000000,7.49,,,,
PolyCoder,2/17/2026,1100000,2700000000,Academia,2/26/2022,2/26/2022,,,,2700000000,1100000,,,,
PolyNet,2/17/2026,64000,92000000,Academia,11/17/2016,11/17/2016,,,,92000000,64000,,,,
Pooling CNN (Caltech 101),2/17/2026,1.2211242,294912,Academia,9/15/2010,9/15/2010,,,,294912,1.2211242,,,,
Pooling CNN (NORB),2/17/2026,1.4562773,268664,Academia,9/15/2010,9/15/2010,,,,268664,1.4562773,,,,
Predictive Coding NN,2/17/2026,0.018621901,206910,Academia,12/2/1994,12/2/1994,,,,206910,0.018621901,,,,
ProBERTa,2/17/2026,9720.001,44000000,Academia,9/1/2020,9/1/2020,,,,44000000,9720.001,,,,
ProGen2-xlarge,2/17/2026,13500001,6400000000,Academia and industry collaboration,6/27/2022,6/27/2022,,,,6400000000,13500001,,,,
ProtBERT-BFD,2/17/2026,39000004,420000000,Other,5/4/2021,5/4/2021,,,,420000000,39000004,,,,
ProtT5-XL-U50,2/17/2026,18704498,3000000000,Other,5/4/2021,5/4/2021,,,,3000000000,18704498,,,,
ProteinBERT,2/17/2026,65000,16000000,Academia and industry collaboration,2/10/2022,2/10/2022,,,,16000000,65000,,,,
PyramidNet,2/17/2026,2.34,26000000,Academia,9/6/2017,9/6/2017,,,,26000000,2.34,,,,
QRNN,2/17/2026,688.66473,135000000,Industry,2/1/2018,2/1/2018,,,,135000000,688.66473,,,,
QwQ-32B,2/17/2026,3510000000,32500000000,Industry,3/6/2025,3/6/2025,,,,32500000000,3510000000,,,,
Qwen-72B,2/17/2026,1300000000,72000000000,Industry,11/30/2023,11/30/2023,,,,72000000000,1300000000,,,,
Qwen1.5-72B,2/17/2026,1300000000,72000000000,Industry,2/4/2024,2/4/2024,,,,72000000000,1300000000,,,,
Qwen2-72B,2/17/2026,3020000000,72710000000,Industry,6/7/2024,6/7/2024,,,,72710000000,3020000000,,,,
Qwen2.5 Instruct (72B),2/17/2026,7851600400,72700000000,Industry,9/19/2024,9/19/2024,,,,72700000000,7851600400,,,,
Qwen2.5-32B,2/17/2026,3510000000,32500000000,Industry,9/17/2024,9/17/2024,,,,32500000000,3510000000,,,,
Qwen2.5-72B,2/17/2026,7800000000,72700000000,Industry,9/19/2024,9/19/2024,,,,72700000000,7800000000,,,,
Qwen3-235B-A22B,2/17/2026,4752000000,2.35E+11,Industry,4/29/2025,4/29/2025,,,,2.35E+11,4752000000,,,,
Qwen3-235B-A22B (Jul 2025),2/17/2026,4752000000,2.35E+11,Industry,7/25/2025,7/25/2025,,,,2.35E+11,4752000000,,,,
Qwen3-235B-A22B-Thinking (Jul 2025),2/17/2026,4752000000,2.35E+11,Industry,7/25/2025,7/25/2025,,,,2.35E+11,4752000000,,,,
Qwen3-Coder-480B-A35B,2/17/2026,1575000000,4.80E+11,Industry,7/22/2025,7/22/2025,,,,4.80E+11,1575000000,,,,
Qwen3-Max,2/17/2026,15120000000,1.00E+12,Industry,9/5/2025,9/5/2025,,,,1.00E+12,15120000000,,,,
Qwen3-Omni-30B-A3B,2/17/2026,36000000,35300000000,Industry,9/22/2025,9/22/2025,,,,35300000000,36000000,,,,
RDT-1B,2/17/2026,40600000,1200000000,Academia,10/10/2024,10/10/2024,,,,1200000000,40600000,,,,
RECONTRA-categorized,2/17/2026,0.008013601,66780,Other,6/2/1999,6/2/1999,,,,66780,0.008013601,,,,
RECONTRA-uncategorized,2/17/2026,0.003864,112000,Other,6/2/1999,6/2/1999,,,,112000,0.003864,,,,
RETRO-7B,2/17/2026,16800000,7500000000,Industry,2/7/2022,2/7/2022,,,,7500000000,16800000,,,,
RNN LM,2/17/2026,53.960003,70265000,Academia,9/26/2010,9/26/2010,,,,70265000,53.960003,,,,
RankNet,2/17/2026,0.003482082,5711,Industry,8/7/2005,8/7/2005,,,,5711,0.003482082,,,,
ReLU-Speech,2/17/2026,127.733765,101706240,Academia and industry collaboration,5/26/2013,5/26/2013,,,,101706240,127.733765,,,,
Reka Core,2/17/2026,8400010000,67000000000,Industry,4/15/2024,4/15/2024,,,,67000000000,8400010000,,,,
ResNeXt-101 (64×4d),2/17/2026,12000,83000000,Academia and industry collaboration,11/16/2016,11/16/2016,,,,83000000,12000,,,,
ResNeXt-101 32x48d,2/17/2026,8743950,829000000,Industry,5/2/2018,5/2/2018,,,,829000000,8743950,,,,
ResNet-101 (ImageNet),2/17/2026,7004,44500000,Industry,12/10/2015,12/10/2015,,,,44500000,7004,,,,
ResNet-152 (ImageNet),2/17/2026,10414.081,60200000,Industry,12/10/2015,12/10/2015,,,,60200000,10414.081,,,,
RetinaNet-R101,2/17/2026,2065.392,53000000,Industry,8/7/2017,8/7/2017,,,,53000000,2065.392,,,,
RoBERTa Large,2/17/2026,8506700,355000000,Academia and industry collaboration,7/1/2019,7/1/2019,,,,355000000,8506700,,,,
RoFormer,2/17/2026,2162.688,110000000,Industry,11/8/2023,11/8/2023,,,,110000000,2162.688,,,,
S4,2/17/2026,78328.625,249000000,Academia,10/31/2021,10/31/2021,,,,249000000,78328.625,,,,
SAF R-CNN,2/17/2026,12311.081,138000000,Academia and industry collaboration,10/28/2015,10/28/2015,,,,138000000,12311.081,,,,
SB-LM,2/17/2026,1449.4465,3.00E+11,Industry,6/22/2007,6/22/2007,,,,3.00E+11,1449.4465,,,,
SEER,2/17/2026,18000000,1300000000,Academia and industry collaboration,7/29/2021,7/29/2021,,,,1300000000,18000000,,,,
SNM-skip,2/17/2026,297600,62000000000,Industry,12/3/2014,12/3/2014,,,,62000000000,297600,,,,
SOM-CNN,2/17/2026,3.14E-05,32015,Other,1/31/1997,1/31/1997,,,,32015,3.14E-05,,,,
SPHINX (Llama 2 13B),2/17/2026,30400000,19900000000,Academia,11/13/2023,11/13/2023,,,,19900000000,30400000,,,,
SPIDER2,2/17/2026,18.220001,409536,Academia,10/28/2016,10/28/2016,,,,409536,18.220001,,,,
SPN-4+KN5,2/17/2026,44,5000000,Other,9/14/2014,9/14/2014,,,,5000000,44,,,,
SRU++ Large,2/17/2026,21173.705,234000000,Industry,2/24/2021,2/24/2021,,,,234000000,21173.705,,,,
ST-MoE,2/17/2026,290000000,2.69E+11,Industry,2/17/2022,2/17/2022,,,,2.69E+11,290000000,,,,
SVM-CNN,2/17/2026,0.7452,90857,Academia,6/17/2006,6/17/2006,,,,90857,0.7452,,,,
Samuel Neural Checkers,2/17/2026,4.28E-07,16,Industry,7/1/1959,7/1/1959,,,,16,4.28E-07,,,,
Sandwich Transformer,2/17/2026,23504.094,209000000,Other,11/10/2019,11/10/2019,,,,209000000,23504.094,,,,
SciBERT,2/17/2026,89268.48,110000000,Other,3/26/2019,3/26/2019,,,,110000000,89268.48,,,,
"Segatron-XL large, M=384 + HCP",2/17/2026,26500,257000000,Academia and industry collaboration,3/21/2022,3/21/2022,,,,257000000,26500,,,,
Segment Anything Model,2/17/2026,7800000,636000000,Industry,4/5/2023,4/5/2023,,,,636000000,7800000,,,,
Seq2Seq LSTM,2/17/2026,56000,1920000000,Industry,9/10/2014,9/10/2014,,,,1920000000,56000,,,,
SexNet compression,2/17/2026,7.88E-05,72940,Other,10/1/1990,10/1/1990,,,,72940,7.88E-05,,,,
Siamese-TDNN,2/17/2026,0.01286957,744,Industry,8/1/1993,8/1/1993,,,,744,0.01286957,,,,
SigLIP 400M,2/17/2026,4946730.5,400000000,Industry,3/27/2023,3/27/2023,,,,400000000,4946730.5,,,,
Skywork-13B,2/17/2026,250000000,13000000000,Industry,10/30/2023,10/30/2023,,,,13000000000,250000000,,,,
Sparse all-MLP,2/17/2026,532224,9410000000,Industry,4/14/2022,4/14/2022,,,,9410000000,532224,,,,
Speaker-independent vowel classification,2/17/2026,7.49E-06,3040,Academia,11/27/1989,11/27/1989,,,,3040,7.49E-06,,,,
Stable Diffusion (LDM-KL-8-G),2/17/2026,50000000,1450000000,Academia and industry collaboration,4/13/2022,4/13/2022,,,,1450000000,50000000,,,,
Stable Diffusion 3,2/17/2026,50000000,8000000000,Industry,2/22/2024,2/22/2024,,,,8000000000,50000000,,,,
StarCoder,2/17/2026,84600000,15500000000,Other,5/9/2023,5/9/2023,,,,15500000000,84600000,,,,
Statement Curriculum Learning,2/17/2026,17901648,774000000,Industry,3/2/2022,3/2/2022,,,,774000000,17901648,,,,
StyleGAN,2/17/2026,39.3,26200000,Industry,12/12/2018,12/12/2018,,,,26200000,39.3,,,,
StyleGAN3-R,2/17/2026,2427840,1580000,Academia and industry collaboration,6/21/2021,6/21/2021,,,,1580000,2427840,,,,
StyleGAN3-T,2/17/2026,1702080,2230000,Academia and industry collaboration,6/21/2021,6/21/2021,,,,2230000,1702080,,,,
Swift,2/17/2026,53.37,56804,Industry,8/30/2023,8/30/2023,,,,56804,53.37,,,,
Swin Transformer V2 (SwinV2-G),2/17/2026,1100000,3000000000,Industry,11/18/2021,11/18/2021,,,,3000000000,1100000,,,,
Switch,2/17/2026,82200000,1.57E+12,Industry,1/11/2021,1/11/2021,,,,1.57E+12,82200000,,,,
System 11,2/17/2026,2.59E-05,6452,Academia,6/18/1996,6/18/1996,,,,6452,2.59E-05,,,,
T5-11B,2/17/2026,33000000,11000000000,Industry,10/23/2019,10/23/2019,,,,11000000000,33000000,,,,
T5-3B,2/17/2026,9000000,2800000000,Industry,10/23/2019,10/23/2019,,,,2800000000,9000000,,,,
TA-CNN,2/17/2026,10.854,706048,Academia,11/29/2014,11/29/2014,,,,706048,10.854,,,,
TC-DNN-BLSTM-DNN,2/17/2026,194.10193,18413568,Academia,4/6/2015,4/6/2015,,,,18413568,194.10193,,,,
TD-Gammon,2/17/2026,0.018232157,25000,Industry,5/1/1992,5/1/1992,,,,25000,0.018232157,,,,
TaLK Convolution,2/17/2026,26990.346,240000000,Academia,2/8/2020,2/8/2020,,,,240000000,26990.346,,,,
Telechat2-115B,2/17/2026,6900000300,1.15E+11,Industry,9/20/2024,9/20/2024,,,,1.15E+11,6900000300,,,,
Tensor-Transformer(1core)+PN (WT103),2/17/2026,1580,85300000,Academia,3/17/2020,3/17/2020,,,,85300000,1580,,,,
Theseus,2/17/2026,4.00E-14,40,Industry,7/2/1950,7/2/1950,,,,40,4.00E-14,,,,
Tranception,2/17/2026,7240000.5,700000000,Academia and industry collaboration,5/27/2022,5/27/2022,,,,700000000,7240000.5,,,,
TransE,2/17/2026,1340.928,942000000,Academia and industry collaboration,12/5/2013,12/5/2013,,,,942000000,1340.928,,,,
Transformer (2017),2/17/2026,7424.525,213000000,Industry,6/12/2017,6/12/2017,,,,213000000,7424.525,,,,
Transformer (Adaptive Input Embeddings) WT103,2/17/2026,44700,247000000,Industry,9/28/2018,9/28/2018,,,,247000000,44700,,,,
Transformer + Simple Recurrent Unit,2/17/2026,11000,90000000,Academia and industry collaboration,9/17/2018,9/17/2018,,,,90000000,11000,,,,
Transformer local-attention (NesT-B),2/17/2026,24057.602,90100000,Industry,5/26/2021,5/26/2021,,,,90100000,24057.602,,,,
Transformer-XL (257M),2/17/2026,378327.72,257000000,Academia and industry collaboration,1/9/2019,1/9/2019,,,,257000000,378327.72,,,,
Transformer-XL DeFINE (141M),2/17/2026,1742.76,141000000,Other,11/27/2019,11/27/2019,,,,141000000,1742.76,,,,
Transformer-XL Large + Phrase Induction,2/17/2026,378486.53,257000000,Academia,6/4/2019,6/4/2019,,,,257000000,378486.53,,,,
TransformerXL + spectrum control,2/17/2026,26289.762,151000000,Academia and industry collaboration,3/11/2020,3/11/2020,,,,151000000,26289.762,,,,
Translation-invariant MLP,2/17/2026,1.80E-05,816,Academia,6/15/1987,6/15/1987,,,,816,1.80E-05,,,,
TrellisNet,2/17/2026,2780,180000000,Academia and industry collaboration,10/15/2018,10/15/2018,,,,180000000,2780,,,,
Turing ULRv5,2/17/2026,28983952,2200000000,Industry,9/28/2021,9/28/2021,,,,2200000000,28983952,,,,
Turing-NLG,2/17/2026,15700000,17000000000,Industry,2/13/2020,2/13/2020,,,,17000000000,15700000,,,,
Two Stage Feature Extraction (MNIST),2/17/2026,0.020754,258800,Academia,9/1/2009,9/1/2009,,,,258800,0.020754,,,,
U-Net,2/17/2026,50.832253,37676160,Academia,5/18/2015,5/18/2015,,,,37676160,50.832253,,,,
U-PaLM (540B),2/17/2026,2530000100,5.40E+11,Industry,10/20/2022,10/20/2022,,,,5.40E+11,2530000100,,,,
UDSMProt,2/17/2026,637,28303800,Other,9/4/2019,9/4/2019,,,,28303800,637,,,,
UL2,2/17/2026,120000000,20000000000,Industry,5/10/2022,5/10/2022,,,,20000000000,120000000,,,,
UnifiedQA,2/17/2026,16500,11000000000,Other,5/2/2020,5/2/2020,,,,11000000000,16500,,,,
Unsupervised High-level Feature Learner,2/17/2026,600,1000000000,Industry,7/12/2012,7/12/2012,,,,1000000000,600,,,,
VALL-E,2/17/2026,10100,353000000,Industry,1/5/2023,1/5/2023,,,,353000000,10100,,,,
VD-LSTM+REAL Large,2/17/2026,21.3,51000000,Academia and industry collaboration,11/4/2016,11/4/2016,,,,51000000,21.3,,,,
VGG16,2/17/2026,12291,138000000,Academia,9/4/2014,9/4/2014,,,,138000000,12291,,,,
VGG19,2/17/2026,11000,144000000,Academia,9/4/2014,9/4/2014,,,,144000000,11000,,,,
VILA-13B,2/17/2026,2300313.5,13350839296,Academia and industry collaboration,12/12/2023,12/12/2023,,,,13350839296,2300313.5,,,,
VILA1.5-13B,2/17/2026,2300313.5,13493916736,Academia and industry collaboration,5/3/2024,5/3/2024,,,,13493916736,2300313.5,,,,
"Variational (untied weights, MC) LSTM (Large)",2/17/2026,5.886144,66000000,Academia,12/16/2015,12/16/2015,,,,66000000,5.886144,,,,
Vega v2,2/17/2026,77600000,6000000000,Academia,12/4/2022,12/4/2022,,,,6000000000,77600000,,,,
ViT-22B,2/17/2026,193248000,21743000000,Industry,2/10/2023,2/10/2023,,,,21743000000,193248000,,,,
ViT-G (model soup),2/17/2026,3400000.2,1843000000,Academia and industry collaboration,3/10/2022,3/10/2022,,,,1843000000,3400000.2,,,,
ViT-G/14,2/17/2026,58500000,1843000000,Industry,6/8/2021,6/8/2021,,,,1843000000,58500000,,,,
ViT-Huge/14,2/17/2026,4262000,632000000,Industry,10/22/2020,10/22/2020,,,,632000000,4262000,,,,
VideoMAE V2,2/17/2026,9700000,1000000000,Academia,3/29/2023,3/29/2023,,,,1000000000,9700000,,,,
Volcano 13B,2/17/2026,45600000,13000000000,Academia and industry collaboration,11/13/2023,11/13/2023,,,,13000000000,45600000,,,,
WeNet (Penn Treebank),2/17/2026,730,23000000,Industry,4/8/2019,4/8/2019,,,,23000000,730,,,,
Weight Decay,2/17/2026,0.000075474,8386,Other,12/2/1991,12/2/1991,,,,8386,0.000075474,,,,
Whisper,2/17/2026,4207266.5,1550000000,Industry,9/21/2022,9/21/2022,,,,1550000000,4207266.5,,,,
Word2Vec (large),2/17/2026,38.879997,692000000,Industry,10/16/2013,10/16/2013,,,,692000000,38.879997,,,,
XGLM-7.5B,2/17/2026,22500000,7500000000,Industry,12/20/2021,12/20/2021,,,,7500000000,22500000,,,,
XLM-RoBERTa,2/17/2026,20760000,550000000,Industry,11/5/2019,11/5/2019,,,,550000000,20760000,,,,
XLMR-XXL,2/17/2026,33660000,10700000000,Industry,8/17/2021,8/17/2021,,,,10700000000,33660000,,,,
XLNet,2/17/2026,6190000,340000000,Academia and industry collaboration,6/1/2019,6/1/2019,,,,340000000,6190000,,,,
Xception,2/17/2026,436000,22855952,Industry,10/7/2016,10/7/2016,,,,22855952,436000,,,,
YOLOX-X,2/17/2026,634275,99100000,Industry,8/6/2021,8/6/2021,,,,99100000,634275,,,,
YOLOv3,2/17/2026,13416.381,56933216,Academia,4/8/2018,4/8/2018,,,,56933216,13416.381,,,,
Yi-34B,2/17/2026,610000060,34000000000,Industry,11/2/2023,11/2/2023,,,,34000000000,610000060,,,,
Yi-Large,2/17/2026,1800000000,1.00E+11,Industry,5/13/2024,5/13/2024,,,,1.00E+11,1800000000,,,,
Yuan 1.0,2/17/2026,353800030,2.46E+11,Industry,10/12/2021,10/12/2021,,,,2.46E+11,353800030,,,,
Zidong Taichu,2/17/2026,801600,3200000000,Other,8/11/2021,8/11/2021,,,,3200000000,801600,,,,
Zip CNN,2/17/2026,0.001496338,9760,Industry,12/1/1989,12/1/1989,,,,9760,0.001496338,,,,
aLSTM(depth-2)+RecurrentPolicy (WT2),2/17/2026,72.96,32000000,Other,5/22/2018,5/22/2018,,,,32000000,72.96,,,,
base LM+GNN+kNN,2/17/2026,52587.457,274000000,Academia and industry collaboration,10/17/2021,10/17/2021,,,,274000000,52587.457,,,,
eDiff-I,2/17/2026,54600.004,9100000000,Industry,11/2/2022,11/2/2022,,,,9100000000,54600.004,,,,
genCNN + dyn eval,2/17/2026,34.15345,8000000,Academia and industry collaboration,3/17/2015,3/17/2015,,,,8000000,34.15345,,,,
gpt-oss-120b,2/17/2026,4940000000,1.17E+11,Industry,8/5/2025,8/5/2025,,,,1.17E+11,4940000000,,,,
gpt-oss-20b,2/17/2026,549000000,20910000000,Industry,8/5/2025,8/5/2025,,,,20910000000,549000000,,,,
mT5-XXL,2/17/2026,82000000,13000000000,Industry,10/20/2020,10/20/2020,,,,13000000000,82000000,,,,
nekomata-14b,2/17/2026,255620000,14200000000,Industry,12/21/2023,12/21/2023,,,,14200000000,255620000,,,,
wave2vec 2.0 LARGE,2/17/2026,3870720,317000000,Industry,10/22/2020,10/22/2020,,,,317000000,3870720,,,,
xTrimoPGLM -100B,2/17/2026,620000000,1.00E+11,Academia and industry collaboration,7/6/2023,7/6/2023,,,,1.00E+11,620000000,,,,
