K_per_kw_month,optimal_mw,optimal_net_mean_$M,optimal_vs_lmp_only,fixed100_net_mean_$M,fixed100_vs_lmp_only,lmp_only_mean_$M
0.0,100.0,36379.44427108327,2.180097934877267,36379.44427108327,2.180097934877267,36377.2641731484
0.02,100.0,36379.43227108327,2.1680979348748224,36379.43227108327,2.1680979348748224,36377.2641731484
0.04,100.0,36379.420271083276,2.1560979348796536,36379.420271083276,2.1560979348796536,36377.2641731484
0.06,100.0,36379.40827108327,2.144097934877209,36379.40827108327,2.144097934877209,36377.2641731484
0.08,100.0,36379.39627108327,2.132097934874764,36379.39627108327,2.132097934874764,36377.2641731484
0.1,100.0,36379.384271083276,2.1200979348795954,36379.384271083276,2.1200979348795954,36377.2641731484
0.12,100.0,36379.37227108327,2.1080979348771507,36379.37227108327,2.1080979348771507,36377.2641731484
0.14,100.0,36379.36027108327,2.096097934874706,36379.36027108327,2.096097934874706,36377.2641731484
0.16,100.0,36379.348271083276,2.084097934879537,36379.348271083276,2.084097934879537,36377.2641731484
0.18,100.0,36379.33627108327,2.0720979348770925,36379.33627108327,2.0720979348770925,36377.2641731484
0.2,100.0,36379.32427108327,2.0600979348746478,36379.32427108327,2.0600979348746478,36377.2641731484
0.22,100.0,36379.312271083276,2.048097934879479,36379.312271083276,2.048097934879479,36377.2641731484
0.24,100.0,36379.30027108327,2.0360979348770343,36379.30027108327,2.0360979348770343,36377.2641731484
0.26,100.0,36379.28827108327,2.0240979348745896,36379.28827108327,2.0240979348745896,36377.2641731484
0.28,100.0,36379.276271083276,2.012097934879421,36379.276271083276,2.012097934879421,36377.2641731484
0.3,100.0,36379.26427108327,2.000097934876976,36379.26427108327,2.000097934876976,36377.2641731484
0.32,100.0,36379.25227108327,1.9880979348745313,36379.25227108327,1.9880979348745313,36377.2641731484
0.34,100.0,36379.240271083276,1.9760979348793626,36379.240271083276,1.9760979348793626,36377.2641731484
0.36,100.0,36379.22827108327,1.9640979348769179,36379.22827108327,1.9640979348769179,36377.2641731484
0.38,100.0,36379.21627108327,1.9520979348744731,36379.21627108327,1.9520979348744731,36377.2641731484
0.4,100.0,36379.204271083276,1.9400979348793044,36379.204271083276,1.9400979348793044,36377.2641731484
0.42,100.0,36379.19227108327,1.9280979348768597,36379.19227108327,1.9280979348768597,36377.2641731484
0.44,100.0,36379.18027108327,1.916097934874415,36379.18027108327,1.916097934874415,36377.2641731484
0.46,100.0,36379.168271083276,1.9040979348792462,36379.168271083276,1.9040979348792462,36377.2641731484
0.48,100.0,36379.15627108327,1.8920979348768014,36379.15627108327,1.8920979348768014,36377.2641731484
0.5,100.0,36379.14427108327,1.8800979348743567,36379.14427108327,1.8800979348743567,36377.2641731484
0.52,100.0,36379.132271083276,1.868097934879188,36379.132271083276,1.868097934879188,36377.2641731484
0.54,100.0,36379.12027108327,1.8560979348767432,36379.12027108327,1.8560979348767432,36377.2641731484
0.56,100.0,36379.10827108327,1.8440979348742985,36379.10827108327,1.8440979348742985,36377.2641731484
0.58,100.0,36379.096271083275,1.8320979348791298,36379.096271083275,1.8320979348791298,36377.2641731484
0.6,100.0,36379.08427108327,1.820097934876685,36379.08427108327,1.820097934876685,36377.2641731484
0.62,100.0,36379.07227108327,1.8080979348742403,36379.07227108327,1.8080979348742403,36377.2641731484
0.64,100.0,36379.060271083275,1.7960979348790715,36379.060271083275,1.7960979348790715,36377.2641731484
0.66,100.0,36379.04827108327,1.7840979348766268,36379.04827108327,1.7840979348766268,36377.2641731484
0.68,100.0,36379.03627108327,1.772097934874182,36379.03627108327,1.772097934874182,36377.2641731484
0.7,100.0,36379.024271083275,1.7600979348790133,36379.024271083275,1.7600979348790133,36377.2641731484
0.72,100.0,36379.01227108327,1.7480979348765686,36379.01227108327,1.7480979348765686,36377.2641731484
0.74,100.0,36379.00027108327,1.736097934874124,36379.00027108327,1.736097934874124,36377.2641731484
0.76,100.0,36378.988271083275,1.7240979348789551,36378.988271083275,1.7240979348789551,36377.2641731484
0.78,100.0,36378.97627108327,1.7120979348765104,36378.97627108327,1.7120979348765104,36377.2641731484
0.8,100.0,36378.96427108327,1.7000979348740657,36378.96427108327,1.7000979348740657,36377.2641731484
0.82,100.0,36378.952271083275,1.688097934878897,36378.952271083275,1.688097934878897,36377.2641731484
0.84,100.0,36378.94027108327,1.6760979348764522,36378.94027108327,1.6760979348764522,36377.2641731484
0.86,100.0,36378.92827108327,1.6640979348740075,36378.92827108327,1.6640979348740075,36377.2641731484
0.88,100.0,36378.916271083275,1.6520979348788387,36378.916271083275,1.6520979348788387,36377.2641731484
0.9,100.0,36378.90427108327,1.640097934876394,36378.90427108327,1.640097934876394,36377.2641731484
0.92,100.0,36378.89227108327,1.6280979348739493,36378.89227108327,1.6280979348739493,36377.2641731484
0.94,100.0,36378.880271083275,1.6160979348787805,36378.880271083275,1.6160979348787805,36377.2641731484
0.96,100.0,36378.86827108327,1.6040979348763358,36378.86827108327,1.6040979348763358,36377.2641731484
0.98,100.0,36378.85627108327,1.592097934873891,36378.85627108327,1.592097934873891,36377.2641731484
1.0,100.0,36378.844271083275,1.5800979348787223,36378.844271083275,1.5800979348787223,36377.2641731484
1.02,100.0,36378.83227108327,1.5680979348762776,36378.83227108327,1.5680979348762776,36377.2641731484
1.04,100.0,36378.82027108327,1.5560979348738329,36378.82027108327,1.5560979348738329,36377.2641731484
1.06,100.0,36378.808271083275,1.544097934878664,36378.808271083275,1.544097934878664,36377.2641731484
1.08,100.0,36378.79627108327,1.5320979348762194,36378.79627108327,1.5320979348762194,36377.2641731484
1.1,100.0,36378.78427108327,1.5200979348737746,36378.78427108327,1.5200979348737746,36377.2641731484
1.12,100.0,36378.772271083275,1.5080979348786059,36378.772271083275,1.5080979348786059,36377.2641731484
1.14,100.0,36378.76027108327,1.4960979348761612,36378.76027108327,1.4960979348761612,36377.2641731484
1.16,100.0,36378.74827108327,1.4840979348737164,36378.74827108327,1.4840979348737164,36377.2641731484
1.18,100.0,36378.736271083275,1.4720979348785477,36378.736271083275,1.4720979348785477,36377.2641731484
1.2,100.0,36378.72427108327,1.460097934876103,36378.72427108327,1.460097934876103,36377.2641731484
1.22,100.0,36378.71227108327,1.4480979348736582,36378.71227108327,1.4480979348736582,36377.2641731484
1.24,100.0,36378.700271083275,1.4360979348784895,36378.700271083275,1.4360979348784895,36377.2641731484
1.26,100.0,36378.68827108327,1.4240979348760447,36378.68827108327,1.4240979348760447,36377.2641731484
1.28,100.0,36378.67627108328,1.412097934880876,36378.67627108328,1.412097934880876,36377.2641731484
1.3,100.0,36378.664271083275,1.4000979348784313,36378.664271083275,1.4000979348784313,36377.2641731484
1.32,100.0,36378.65227108327,1.3880979348759865,36378.65227108327,1.3880979348759865,36377.2641731484
1.34,100.0,36378.64027108328,1.3760979348808178,36378.64027108328,1.3760979348808178,36377.2641731484
1.36,100.0,36378.628271083275,1.364097934878373,36378.628271083275,1.364097934878373,36377.2641731484
1.38,100.0,36378.61627108327,1.3520979348759283,36378.61627108327,1.3520979348759283,36377.2641731484
1.4,100.0,36378.60427108328,1.3400979348807596,36378.60427108328,1.3400979348807596,36377.2641731484
1.42,100.0,36378.592271083275,1.3280979348783148,36378.592271083275,1.3280979348783148,36377.2641731484
1.44,100.0,36378.58027108327,1.3160979348758701,36378.58027108327,1.3160979348758701,36377.2641731484
1.46,100.0,36378.56827108328,1.3040979348807014,36378.56827108328,1.3040979348807014,36377.2641731484
1.48,100.0,36378.556271083275,1.2920979348782566,36378.556271083275,1.2920979348782566,36377.2641731484
1.5,100.0,36378.54427108327,1.280097934875812,36378.54427108327,1.280097934875812,36377.2641731484
1.52,100.0,36378.53227108328,1.2680979348806432,36378.53227108328,1.2680979348806432,36377.2641731484
1.54,100.0,36378.520271083275,1.2560979348781984,36378.520271083275,1.2560979348781984,36377.2641731484
1.56,100.0,36378.50827108327,1.2440979348757537,36378.50827108327,1.2440979348757537,36377.2641731484
1.58,100.0,36378.49627108328,1.232097934880585,36378.49627108328,1.232097934880585,36377.2641731484
1.6,100.0,36378.484271083275,1.2200979348781402,36378.484271083275,1.2200979348781402,36377.2641731484
1.62,100.0,36378.47227108327,1.2080979348756955,36378.47227108327,1.2080979348756955,36377.2641731484
1.64,100.0,36378.46027108328,1.1960979348805267,36378.46027108328,1.1960979348805267,36377.2641731484
1.66,100.0,36378.448271083274,1.184097934878082,36378.448271083274,1.184097934878082,36377.2641731484
1.68,100.0,36378.43627108327,1.1720979348756373,36378.43627108327,1.1720979348756373,36377.2641731484
1.7,100.0,36378.42427108328,1.1600979348804685,36378.42427108328,1.1600979348804685,36377.2641731484
1.72,100.0,36378.412271083274,1.1480979348780238,36378.412271083274,1.1480979348780238,36377.2641731484
1.74,100.0,36378.40027108327,1.136097934875579,36378.40027108327,1.136097934875579,36377.2641731484
1.76,100.0,36378.38827108328,1.1240979348804103,36378.38827108328,1.1240979348804103,36377.2641731484
1.78,100.0,36378.376271083274,1.1120979348779656,36378.376271083274,1.1120979348779656,36377.2641731484
1.8,100.0,36378.36427108327,1.1000979348755209,36378.36427108327,1.1000979348755209,36377.2641731484
1.82,100.0,36378.35227108328,1.0880979348803521,36378.35227108328,1.0880979348803521,36377.2641731484
1.84,100.0,36378.340271083274,1.0760979348779074,36378.340271083274,1.0760979348779074,36377.2641731484
1.86,100.0,36378.32827108327,1.0640979348754627,36378.32827108327,1.0640979348754627,36377.2641731484
1.88,100.0,36378.31627108328,1.052097934880294,36378.31627108328,1.052097934880294,36377.2641731484
1.9,100.0,36378.304271083274,1.0400979348778492,36378.304271083274,1.0400979348778492,36377.2641731484
1.92,100.0,36378.29227108327,1.0280979348754045,36378.29227108327,1.0280979348754045,36377.2641731484
1.94,100.0,36378.28027108328,1.0160979348802357,36378.28027108328,1.0160979348802357,36377.2641731484
1.96,100.0,36378.268271083274,1.004097934877791,36378.268271083274,1.004097934877791,36377.2641731484
1.98,100.0,36378.25627108327,0.9920979348753463,36378.25627108327,0.9920979348753463,36377.2641731484
2.0,100.0,36378.24427108328,0.9800979348801775,36378.24427108328,0.9800979348801775,36377.2641731484
2.02,100.0,36378.232271083274,0.9680979348777328,36378.232271083274,0.9680979348777328,36377.2641731484
2.04,100.0,36378.22027108327,0.956097934875288,36378.22027108327,0.956097934875288,36377.2641731484
2.06,100.0,36378.20827108328,0.9440979348801193,36378.20827108328,0.9440979348801193,36377.2641731484
2.08,100.0,36378.196271083274,0.9320979348776746,36378.196271083274,0.9320979348776746,36377.2641731484
2.1,100.0,36378.18427108327,0.9200979348752298,36378.18427108327,0.9200979348752298,36377.2641731484
2.12,100.0,36378.17227108328,0.9080979348800611,36378.17227108328,0.9080979348800611,36377.2641731484
2.14,100.0,36378.160271083274,0.8960979348776164,36378.160271083274,0.8960979348776164,36377.2641731484
2.16,100.0,36378.14827108327,0.8840979348751716,36378.14827108327,0.8840979348751716,36377.2641731484
2.18,100.0,36378.13627108328,0.8720979348800029,36378.13627108328,0.8720979348800029,36377.2641731484
2.2,100.0,36378.124271083274,0.8600979348775581,36378.124271083274,0.8600979348775581,36377.2641731484
2.22,100.0,36378.11227108327,0.8480979348751134,36378.11227108327,0.8480979348751134,36377.2641731484
2.24,100.0,36378.100271083276,0.8360979348799447,36378.100271083276,0.8360979348799447,36377.2641731484
2.26,100.0,36378.088271083274,0.8240979348774999,36378.088271083274,0.8240979348774999,36377.2641731484
2.28,100.0,36378.07627108327,0.8120979348750552,36378.07627108327,0.8120979348750552,36377.2641731484
2.3,100.0,36378.064271083276,0.8000979348798865,36378.064271083276,0.8000979348798865,36377.2641731484
2.32,100.0,36378.052271083274,0.7880979348774417,36378.052271083274,0.7880979348774417,36377.2641731484
2.34,100.0,36378.04027108327,0.776097934874997,36378.04027108327,0.776097934874997,36377.2641731484
2.36,100.0,36378.028271083276,0.7640979348798282,36378.028271083276,0.7640979348798282,36377.2641731484
2.38,100.0,36378.016271083274,0.7520979348773835,36378.016271083274,0.7520979348773835,36377.2641731484
2.4,100.0,36378.00427108327,0.7400979348749388,36378.00427108327,0.7400979348749388,36377.2641731484
2.42,100.0,36377.992271083276,0.72809793487977,36377.992271083276,0.72809793487977,36377.2641731484
2.44,100.0,36377.980271083274,0.7160979348773253,36377.980271083274,0.7160979348773253,36377.2641731484
2.46,100.0,36377.96827108327,0.7040979348748806,36377.96827108327,0.7040979348748806,36377.2641731484
2.48,100.0,36377.956271083276,0.6920979348797118,36377.956271083276,0.6920979348797118,36377.2641731484
2.5,100.0,36377.94427108327,0.6800979348772671,36377.94427108327,0.6800979348772671,36377.2641731484
2.52,100.0,36377.93227108327,0.6680979348748224,36377.93227108327,0.6680979348748224,36377.2641731484
2.54,100.0,36377.920271083276,0.6560979348796536,36377.920271083276,0.6560979348796536,36377.2641731484
2.56,100.0,36377.90827108327,0.6440979348772089,36377.90827108327,0.6440979348772089,36377.2641731484
2.58,100.0,36377.89627108327,0.6320979348747642,36377.89627108327,0.6320979348747642,36377.2641731484
2.6,100.0,36377.884271083276,0.6200979348795954,36377.884271083276,0.6200979348795954,36377.2641731484
2.62,100.0,36377.87227108327,0.6080979348771507,36377.87227108327,0.6080979348771507,36377.2641731484
2.64,100.0,36377.86027108327,0.596097934874706,36377.86027108327,0.596097934874706,36377.2641731484
2.66,100.0,36377.848271083276,0.5840979348795372,36377.848271083276,0.5840979348795372,36377.2641731484
2.68,100.0,36377.83627108327,0.5720979348770925,36377.83627108327,0.5720979348770925,36377.2641731484
2.7,100.0,36377.82427108327,0.5600979348746478,36377.82427108327,0.5600979348746478,36377.2641731484
2.72,100.0,36377.812271083276,0.548097934879479,36377.812271083276,0.548097934879479,36377.2641731484
2.74,100.0,36377.80027108327,0.5360979348770343,36377.80027108327,0.5360979348770343,36377.2641731484
2.76,100.0,36377.78827108327,0.5240979348745896,36377.78827108327,0.5240979348745896,36377.2641731484
2.78,100.0,36377.776271083276,0.5120979348794208,36377.776271083276,0.5120979348794208,36377.2641731484
2.8,100.0,36377.76427108327,0.5000979348769761,36377.76427108327,0.5000979348769761,36377.2641731484
2.82,100.0,36377.75227108327,0.48809793487453135,36377.75227108327,0.48809793487453135,36377.2641731484
2.84,100.0,36377.740271083276,0.4760979348793626,36377.740271083276,0.4760979348793626,36377.2641731484
2.86,100.0,36377.72827108327,0.46409793487691786,36377.72827108327,0.46409793487691786,36377.2641731484
2.88,100.0,36377.71627108327,0.45209793487447314,36377.71627108327,0.45209793487447314,36377.2641731484
2.9,100.0,36377.704271083276,0.4400979348793044,36377.704271083276,0.4400979348793044,36377.2641731484
2.92,100.0,36377.69227108327,0.42809793487685965,36377.69227108327,0.42809793487685965,36377.2641731484
2.94,100.0,36377.68027108327,0.41609793487441493,36377.68027108327,0.41609793487441493,36377.2641731484
2.96,100.0,36377.668271083276,0.40409793487924617,36377.668271083276,0.40409793487924617,36377.2641731484
2.98,100.0,36377.65627108327,0.39209793487680145,36377.65627108327,0.39209793487680145,36377.2641731484
3.0,100.0,36377.64427108327,0.3800979348743567,36377.64427108327,0.3800979348743567,36377.2641731484
3.02,100.0,36377.632271083276,0.36809793487918796,36377.632271083276,0.36809793487918796,36377.2641731484
3.04,100.0,36377.62027108327,0.35609793487674324,36377.62027108327,0.35609793487674324,36377.2641731484
3.06,100.0,36377.60827108327,0.3440979348742985,36377.60827108327,0.3440979348742985,36377.2641731484
3.08,100.0,36377.596271083275,0.33209793487912975,36377.596271083275,0.33209793487912975,36377.2641731484
3.1,100.0,36377.58427108327,0.32009793487668503,36377.58427108327,0.32009793487668503,36377.2641731484
3.12,100.0,36377.57227108327,0.3080979348742403,36377.57227108327,0.3080979348742403,36377.2641731484
3.14,100.0,36377.560271083275,0.29609793487907154,36377.560271083275,0.29609793487907154,36377.2641731484
3.16,100.0,36377.54827108327,0.2840979348766268,36377.54827108327,0.2840979348766268,36377.2641731484
3.18,100.0,36377.53627108327,0.2720979348741821,36377.53627108327,0.2720979348741821,36377.2641731484
3.2,100.0,36377.524271083275,0.26009793487901334,36377.524271083275,0.26009793487901334,36377.2641731484
3.22,100.0,36377.51227108327,0.24809793487656862,36377.51227108327,0.24809793487656862,36377.2641731484
3.24,100.0,36377.50027108327,0.2360979348741239,36377.50027108327,0.2360979348741239,36377.2641731484
3.26,100.0,36377.488271083275,0.22409793487895513,36377.488271083275,0.22409793487895513,36377.2641731484
3.28,100.0,36377.47627108327,0.2120979348765104,36377.47627108327,0.2120979348765104,36377.2641731484
3.3,100.0,36377.46427108327,0.20009793487406569,36377.46427108327,0.20009793487406569,36377.2641731484
3.32,100.0,36377.452271083275,0.18809793487889692,36377.452271083275,0.18809793487889692,36377.2641731484
3.34,100.0,36377.44027108327,0.1760979348764522,36377.44027108327,0.1760979348764522,36377.2641731484
3.36,100.0,36377.42827108327,0.16409793487400748,36377.42827108327,0.16409793487400748,36377.2641731484
3.38,100.0,36377.416271083275,0.15209793487883871,36377.416271083275,0.15209793487883871,36377.2641731484
3.4,100.0,36377.40427108327,0.140097934876394,36377.40427108327,0.140097934876394,36377.2641731484
3.42,100.0,36377.39227108327,0.12809793487394927,36377.39227108327,0.12809793487394927,36377.2641731484
3.44,100.0,36377.380271083275,0.1160979348787805,36377.380271083275,0.1160979348787805,36377.2641731484
3.46,100.0,36377.36827108327,0.10409793487633578,36377.36827108327,0.10409793487633578,36377.2641731484
3.48,100.0,36377.35627108327,0.09209793487389106,36377.35627108327,0.09209793487389106,36377.2641731484
3.5,100.0,36377.344271083275,0.0800979348787223,36377.344271083275,0.0800979348787223,36377.2641731484
3.52,100.0,36377.33227108327,0.06809793487627758,36377.33227108327,0.06809793487627758,36377.2641731484
3.54,100.0,36377.32027108327,0.056097934873832855,36377.32027108327,0.056097934873832855,36377.2641731484
3.56,100.0,36377.308271083275,0.04409793487866409,36377.308271083275,0.04409793487866409,36377.2641731484
3.58,100.0,36377.29627108327,0.03209793487621937,36377.29627108327,0.03209793487621937,36377.2641731484
3.6,100.0,36377.28427108327,0.020097934873774648,36377.28427108327,0.020097934873774648,36377.2641731484
3.62,70.0,36377.27427514207,0.010101993670105003,36377.272271083275,0.008097934878605884,36377.2641731484
3.64,40.0,36377.26732962667,0.003156478276650887,36377.26027108327,-0.003902065123838838,36377.2641731484
3.66,10.0,36377.26428755978,0.00011441138485679403,36377.24827108327,-0.01590206512628356,36377.2641731484
3.68,0.0,36377.2641731484,0.0,36377.236271083275,-0.027902065121452324,36377.2641731484
3.7,0.0,36377.2641731484,0.0,36377.22427108327,-0.039902065123897046,36377.2641731484
3.72,0.0,36377.2641731484,0.0,36377.21227108327,-0.05190206512634177,36377.2641731484
3.74,0.0,36377.2641731484,0.0,36377.200271083275,-0.06390206512151053,36377.2641731484
3.76,0.0,36377.2641731484,0.0,36377.18827108327,-0.07590206512395525,36377.2641731484
3.78,0.0,36377.2641731484,0.0,36377.17627108328,-0.08790206511912402,36377.2641731484
3.8,0.0,36377.2641731484,0.0,36377.164271083275,-0.09990206512156874,36377.2641731484
3.82,0.0,36377.2641731484,0.0,36377.15227108327,-0.11190206512401346,36377.2641731484
3.84,0.0,36377.2641731484,0.0,36377.14027108328,-0.12390206511918223,36377.2641731484
3.86,0.0,36377.2641731484,0.0,36377.128271083275,-0.13590206512162695,36377.2641731484
3.88,0.0,36377.2641731484,0.0,36377.11627108327,-0.14790206512407167,36377.2641731484
3.9,0.0,36377.2641731484,0.0,36377.10427108328,-0.15990206511924043,36377.2641731484
3.92,0.0,36377.2641731484,0.0,36377.092271083275,-0.17190206512168515,36377.2641731484
3.94,0.0,36377.2641731484,0.0,36377.08027108327,-0.18390206512412988,36377.2641731484
3.96,0.0,36377.2641731484,0.0,36377.06827108328,-0.19590206511929864,36377.2641731484
3.98,0.0,36377.2641731484,0.0,36377.056271083275,-0.20790206512174336,36377.2641731484
4.0,0.0,36377.2641731484,0.0,36377.04427108327,-0.21990206512418808,36377.2641731484
4.02,0.0,36377.2641731484,0.0,36377.03227108328,-0.23190206511935685,36377.2641731484
4.04,0.0,36377.2641731484,0.0,36377.020271083275,-0.24390206512180157,36377.2641731484
4.06,0.0,36377.2641731484,0.0,36377.00827108327,-0.2559020651242463,36377.2641731484
4.08,0.0,36377.2641731484,0.0,36376.99627108328,-0.26790206511941506,36377.2641731484
4.1,0.0,36377.2641731484,0.0,36376.984271083275,-0.2799020651218598,36377.2641731484
4.12,0.0,36377.2641731484,0.0,36376.97227108327,-0.2919020651243045,36377.2641731484
4.14,0.0,36377.2641731484,0.0,36376.96027108328,-0.30390206511947326,36377.2641731484
4.16,0.0,36377.2641731484,0.0,36376.948271083274,-0.315902065121918,36377.2641731484
4.18,0.0,36377.2641731484,0.0,36376.93627108327,-0.3279020651243627,36377.2641731484
4.2,0.0,36377.2641731484,0.0,36376.92427108328,-0.33990206511953147,36377.2641731484
4.22,0.0,36377.2641731484,0.0,36376.912271083274,-0.3519020651219762,36377.2641731484
4.24,0.0,36377.2641731484,0.0,36376.90027108327,-0.3639020651244209,36377.2641731484
4.26,0.0,36377.2641731484,0.0,36376.88827108328,-0.3759020651195897,36377.2641731484
4.28,0.0,36377.2641731484,0.0,36376.876271083274,-0.3879020651220344,36377.2641731484
4.3,0.0,36377.2641731484,0.0,36376.86427108327,-0.3999020651244791,36377.2641731484
4.32,0.0,36377.2641731484,0.0,36376.85227108328,-0.4119020651196479,36377.2641731484
4.34,0.0,36377.2641731484,0.0,36376.840271083274,-0.4239020651220926,36377.2641731484
4.36,0.0,36377.2641731484,0.0,36376.82827108327,-0.43590206512453733,36377.2641731484
4.38,0.0,36377.2641731484,0.0,36376.81627108328,-0.4479020651197061,36377.2641731484
4.4,0.0,36377.2641731484,0.0,36376.804271083274,-0.4599020651221508,36377.2641731484
4.42,0.0,36377.2641731484,0.0,36376.79227108327,-0.47190206512459554,36377.2641731484
4.44,0.0,36377.2641731484,0.0,36376.78027108328,-0.4839020651197643,36377.2641731484
4.46,0.0,36377.2641731484,0.0,36376.768271083274,-0.495902065122209,36377.2641731484
4.48,0.0,36377.2641731484,0.0,36376.75627108327,-0.5079020651246537,36377.2641731484
4.5,0.0,36377.2641731484,0.0,36376.74427108328,-0.5199020651198225,36377.2641731484
4.52,0.0,36377.2641731484,0.0,36376.732271083274,-0.5319020651222672,36377.2641731484
4.54,0.0,36377.2641731484,0.0,36376.72027108327,-0.543902065124712,36377.2641731484
4.56,0.0,36377.2641731484,0.0,36376.70827108328,-0.5559020651198807,36377.2641731484
4.58,0.0,36377.2641731484,0.0,36376.696271083274,-0.5679020651223254,36377.2641731484
4.6,0.0,36377.2641731484,0.0,36376.68427108327,-0.5799020651247702,36377.2641731484
4.62,0.0,36377.2641731484,0.0,36376.67227108328,-0.5919020651199389,36377.2641731484
4.64,0.0,36377.2641731484,0.0,36376.660271083274,-0.6039020651223836,36377.2641731484
4.66,0.0,36377.2641731484,0.0,36376.64827108327,-0.6159020651248284,36377.2641731484
4.68,0.0,36377.2641731484,0.0,36376.63627108328,-0.6279020651199971,36377.2641731484
4.7,0.0,36377.2641731484,0.0,36376.624271083274,-0.6399020651224419,36377.2641731484
4.72,0.0,36377.2641731484,0.0,36376.61227108327,-0.6519020651248866,36377.2641731484
4.74,0.0,36377.2641731484,0.0,36376.600271083276,-0.6639020651200553,36377.2641731484
4.76,0.0,36377.2641731484,0.0,36376.588271083274,-0.6759020651225001,36377.2641731484
4.78,0.0,36377.2641731484,0.0,36376.57627108327,-0.6879020651249448,36377.2641731484
4.8,0.0,36377.2641731484,0.0,36376.564271083276,-0.6999020651201135,36377.2641731484
4.82,0.0,36377.2641731484,0.0,36376.552271083274,-0.7119020651225583,36377.2641731484
4.84,0.0,36377.2641731484,0.0,36376.54027108327,-0.723902065125003,36377.2641731484
4.86,0.0,36377.2641731484,0.0,36376.528271083276,-0.7359020651201718,36377.2641731484
4.88,0.0,36377.2641731484,0.0,36376.516271083274,-0.7479020651226165,36377.2641731484
4.9,0.0,36377.2641731484,0.0,36376.50427108327,-0.7599020651250612,36377.2641731484
4.92,0.0,36377.2641731484,0.0,36376.492271083276,-0.77190206512023,36377.2641731484
4.94,0.0,36377.2641731484,0.0,36376.480271083274,-0.7839020651226747,36377.2641731484
4.96,0.0,36377.2641731484,0.0,36376.46827108327,-0.7959020651251194,36377.2641731484
4.98,0.0,36377.2641731484,0.0,36376.456271083276,-0.8079020651202882,36377.2641731484
5.0,0.0,36377.2641731484,0.0,36376.44427108327,-0.8199020651227329,36377.2641731484
5.02,0.0,36377.2641731484,0.0,36376.43227108327,-0.8319020651251776,36377.2641731484
5.04,0.0,36377.2641731484,0.0,36376.420271083276,-0.8439020651203464,36377.2641731484
5.06,0.0,36377.2641731484,0.0,36376.40827108327,-0.8559020651227911,36377.2641731484
5.08,0.0,36377.2641731484,0.0,36376.39627108327,-0.8679020651252358,36377.2641731484
5.1,0.0,36377.2641731484,0.0,36376.384271083276,-0.8799020651204046,36377.2641731484
5.12,0.0,36377.2641731484,0.0,36376.37227108327,-0.8919020651228493,36377.2641731484
5.14,0.0,36377.2641731484,0.0,36376.36027108327,-0.903902065125294,36377.2641731484
5.16,0.0,36377.2641731484,0.0,36376.348271083276,-0.9159020651204628,36377.2641731484
5.18,0.0,36377.2641731484,0.0,36376.33627108327,-0.9279020651229075,36377.2641731484
5.2,0.0,36377.2641731484,0.0,36376.32427108327,-0.9399020651253522,36377.2641731484
5.22,0.0,36377.2641731484,0.0,36376.312271083276,-0.951902065120521,36377.2641731484
5.24,0.0,36377.2641731484,0.0,36376.30027108327,-0.9639020651229657,36377.2641731484
5.26,0.0,36377.2641731484,0.0,36376.28827108327,-0.9759020651254104,36377.2641731484
5.28,0.0,36377.2641731484,0.0,36376.276271083276,-0.9879020651205792,36377.2641731484
5.3,0.0,36377.2641731484,0.0,36376.26427108327,-0.9999020651230239,36377.2641731484
5.32,0.0,36377.2641731484,0.0,36376.25227108327,-1.0119020651254687,36377.2641731484
5.34,0.0,36377.2641731484,0.0,36376.240271083276,-1.0239020651206374,36377.2641731484
5.36,0.0,36377.2641731484,0.0,36376.22827108327,-1.0359020651230821,36377.2641731484
5.38,0.0,36377.2641731484,0.0,36376.21627108327,-1.0479020651255269,36377.2641731484
5.4,0.0,36377.2641731484,0.0,36376.204271083276,-1.0599020651206956,36377.2641731484
5.42,0.0,36377.2641731484,0.0,36376.19227108327,-1.0719020651231403,36377.2641731484
5.44,0.0,36377.2641731484,0.0,36376.18027108327,-1.083902065125585,36377.2641731484
5.46,0.0,36377.2641731484,0.0,36376.168271083276,-1.0959020651207538,36377.2641731484
5.48,0.0,36377.2641731484,0.0,36376.15627108327,-1.1079020651231986,36377.2641731484
5.5,0.0,36377.2641731484,0.0,36376.14427108327,-1.1199020651256433,36377.2641731484
5.52,0.0,36377.2641731484,0.0,36376.132271083276,-1.131902065120812,36377.2641731484
5.54,0.0,36377.2641731484,0.0,36376.12027108327,-1.1439020651232568,36377.2641731484
5.56,0.0,36377.2641731484,0.0,36376.10827108327,-1.1559020651257015,36377.2641731484
5.58,0.0,36377.2641731484,0.0,36376.096271083275,-1.1679020651208702,36377.2641731484
5.6,0.0,36377.2641731484,0.0,36376.08427108327,-1.179902065123315,36377.2641731484
5.62,0.0,36377.2641731484,0.0,36376.07227108327,-1.1919020651257597,36377.2641731484
5.64,0.0,36377.2641731484,0.0,36376.060271083275,-1.2039020651209285,36377.2641731484
5.66,0.0,36377.2641731484,0.0,36376.04827108327,-1.2159020651233732,36377.2641731484
5.68,0.0,36377.2641731484,0.0,36376.03627108327,-1.227902065125818,36377.2641731484
5.7,0.0,36377.2641731484,0.0,36376.024271083275,-1.2399020651209867,36377.2641731484
5.72,0.0,36377.2641731484,0.0,36376.01227108327,-1.2519020651234314,36377.2641731484
5.74,0.0,36377.2641731484,0.0,36376.00027108327,-1.263902065125876,36377.2641731484
5.76,0.0,36377.2641731484,0.0,36375.988271083275,-1.2759020651210449,36377.2641731484
5.78,0.0,36377.2641731484,0.0,36375.97627108327,-1.2879020651234896,36377.2641731484
5.8,0.0,36377.2641731484,0.0,36375.96427108327,-1.2999020651259343,36377.2641731484
5.82,0.0,36377.2641731484,0.0,36375.952271083275,-1.311902065121103,36377.2641731484
5.84,0.0,36377.2641731484,0.0,36375.94027108327,-1.3239020651235478,36377.2641731484
5.86,0.0,36377.2641731484,0.0,36375.92827108327,-1.3359020651259925,36377.2641731484
5.88,0.0,36377.2641731484,0.0,36375.916271083275,-1.3479020651211613,36377.2641731484
5.9,0.0,36377.2641731484,0.0,36375.90427108327,-1.359902065123606,36377.2641731484
5.92,0.0,36377.2641731484,0.0,36375.89227108327,-1.3719020651260507,36377.2641731484
5.94,0.0,36377.2641731484,0.0,36375.880271083275,-1.3839020651212195,36377.2641731484
5.96,0.0,36377.2641731484,0.0,36375.86827108327,-1.3959020651236642,36377.2641731484
5.98,0.0,36377.2641731484,0.0,36375.85627108327,-1.407902065126109,36377.2641731484
6.0,0.0,36377.2641731484,0.0,36375.844271083275,-1.4199020651212777,36377.2641731484
6.02,0.0,36377.2641731484,0.0,36375.83227108327,-1.4319020651237224,36377.2641731484
6.04,0.0,36377.2641731484,0.0,36375.82027108327,-1.4439020651261671,36377.2641731484
6.06,0.0,36377.2641731484,0.0,36375.808271083275,-1.455902065121336,36377.2641731484
6.08,0.0,36377.2641731484,0.0,36375.79627108327,-1.4679020651237806,36377.2641731484
6.1,0.0,36377.2641731484,0.0,36375.78427108327,-1.4799020651262254,36377.2641731484
6.12,0.0,36377.2641731484,0.0,36375.772271083275,-1.4919020651213941,36377.2641731484
6.14,0.0,36377.2641731484,0.0,36375.76027108327,-1.5039020651238388,36377.2641731484
6.16,0.0,36377.2641731484,0.0,36375.74827108327,-1.5159020651262836,36377.2641731484
6.18,0.0,36377.2641731484,0.0,36375.736271083275,-1.5279020651214523,36377.2641731484
6.2,0.0,36377.2641731484,0.0,36375.72427108327,-1.539902065123897,36377.2641731484
6.22,0.0,36377.2641731484,0.0,36375.71227108327,-1.5519020651263418,36377.2641731484
6.24,0.0,36377.2641731484,0.0,36375.700271083275,-1.5639020651215105,36377.2641731484
6.26,0.0,36377.2641731484,0.0,36375.68827108327,-1.5759020651239553,36377.2641731484
6.28,0.0,36377.2641731484,0.0,36375.67627108328,-1.587902065119124,36377.2641731484
6.3,0.0,36377.2641731484,0.0,36375.664271083275,-1.5999020651215687,36377.2641731484
6.32,0.0,36377.2641731484,0.0,36375.65227108327,-1.6119020651240135,36377.2641731484
6.34,0.0,36377.2641731484,0.0,36375.64027108328,-1.6239020651191822,36377.2641731484
6.36,0.0,36377.2641731484,0.0,36375.628271083275,-1.635902065121627,36377.2641731484
6.38,0.0,36377.2641731484,0.0,36375.61627108327,-1.6479020651240717,36377.2641731484
6.4,0.0,36377.2641731484,0.0,36375.60427108328,-1.6599020651192404,36377.2641731484
6.42,0.0,36377.2641731484,0.0,36375.592271083275,-1.6719020651216852,36377.2641731484
6.44,0.0,36377.2641731484,0.0,36375.58027108327,-1.6839020651241299,36377.2641731484
6.46,0.0,36377.2641731484,0.0,36375.56827108328,-1.6959020651192986,36377.2641731484
6.48,0.0,36377.2641731484,0.0,36375.556271083275,-1.7079020651217434,36377.2641731484
6.5,0.0,36377.2641731484,0.0,36375.54427108327,-1.719902065124188,36377.2641731484
6.52,0.0,36377.2641731484,0.0,36375.53227108328,-1.7319020651193568,36377.2641731484
6.54,0.0,36377.2641731484,0.0,36375.520271083275,-1.7439020651218016,36377.2641731484
6.56,0.0,36377.2641731484,0.0,36375.50827108327,-1.7559020651242463,36377.2641731484
6.58,0.0,36377.2641731484,0.0,36375.49627108328,-1.767902065119415,36377.2641731484
6.6,0.0,36377.2641731484,0.0,36375.484271083275,-1.7799020651218598,36377.2641731484
6.62,0.0,36377.2641731484,0.0,36375.47227108327,-1.7919020651243045,36377.2641731484
6.64,0.0,36377.2641731484,0.0,36375.46027108328,-1.8039020651194733,36377.2641731484
6.66,0.0,36377.2641731484,0.0,36375.448271083274,-1.815902065121918,36377.2641731484
6.68,0.0,36377.2641731484,0.0,36375.43627108327,-1.8279020651243627,36377.2641731484
6.7,0.0,36377.2641731484,0.0,36375.42427108328,-1.8399020651195315,36377.2641731484
6.72,0.0,36377.2641731484,0.0,36375.412271083274,-1.8519020651219762,36377.2641731484
6.74,0.0,36377.2641731484,0.0,36375.40027108327,-1.863902065124421,36377.2641731484
6.76,0.0,36377.2641731484,0.0,36375.38827108328,-1.8759020651195897,36377.2641731484
6.78,0.0,36377.2641731484,0.0,36375.376271083274,-1.8879020651220344,36377.2641731484
6.8,0.0,36377.2641731484,0.0,36375.36427108327,-1.8999020651244791,36377.2641731484
6.82,0.0,36377.2641731484,0.0,36375.35227108328,-1.9119020651196479,36377.2641731484
6.84,0.0,36377.2641731484,0.0,36375.340271083274,-1.9239020651220926,36377.2641731484
6.86,0.0,36377.2641731484,0.0,36375.32827108327,-1.9359020651245373,36377.2641731484
6.88,0.0,36377.2641731484,0.0,36375.31627108328,-1.947902065119706,36377.2641731484
6.9,0.0,36377.2641731484,0.0,36375.304271083274,-1.9599020651221508,36377.2641731484
6.92,0.0,36377.2641731484,0.0,36375.29227108327,-1.9719020651245955,36377.2641731484
6.94,0.0,36377.2641731484,0.0,36375.28027108328,-1.9839020651197643,36377.2641731484
6.96,0.0,36377.2641731484,0.0,36375.268271083274,-1.995902065122209,36377.2641731484
6.98,0.0,36377.2641731484,0.0,36375.25627108327,-2.0079020651246537,36377.2641731484
7.0,0.0,36377.2641731484,0.0,36375.24427108328,-2.0199020651198225,36377.2641731484
7.02,0.0,36377.2641731484,0.0,36375.232271083274,-2.0319020651222672,36377.2641731484
7.04,0.0,36377.2641731484,0.0,36375.22027108327,-2.043902065124712,36377.2641731484
7.06,0.0,36377.2641731484,0.0,36375.20827108328,-2.0559020651198807,36377.2641731484
7.08,0.0,36377.2641731484,0.0,36375.196271083274,-2.0679020651223254,36377.2641731484
7.1,0.0,36377.2641731484,0.0,36375.18427108327,-2.07990206512477,36377.2641731484
7.12,0.0,36377.2641731484,0.0,36375.17227108328,-2.091902065119939,36377.2641731484
7.14,0.0,36377.2641731484,0.0,36375.160271083274,-2.1039020651223836,36377.2641731484
7.16,0.0,36377.2641731484,0.0,36375.14827108327,-2.1159020651248284,36377.2641731484
7.18,0.0,36377.2641731484,0.0,36375.13627108328,-2.127902065119997,36377.2641731484
7.2,0.0,36377.2641731484,0.0,36375.124271083274,-2.139902065122442,36377.2641731484
7.22,0.0,36377.2641731484,0.0,36375.11227108327,-2.1519020651248866,36377.2641731484
7.24,0.0,36377.2641731484,0.0,36375.100271083276,-2.1639020651200553,36377.2641731484
7.26,0.0,36377.2641731484,0.0,36375.088271083274,-2.1759020651225,36377.2641731484
7.28,0.0,36377.2641731484,0.0,36375.07627108327,-2.187902065124945,36377.2641731484
7.3,0.0,36377.2641731484,0.0,36375.064271083276,-2.1999020651201135,36377.2641731484
7.32,0.0,36377.2641731484,0.0,36375.052271083274,-2.2119020651225583,36377.2641731484
7.34,0.0,36377.2641731484,0.0,36375.04027108327,-2.223902065125003,36377.2641731484
7.36,0.0,36377.2641731484,0.0,36375.028271083276,-2.2359020651201718,36377.2641731484
7.38,0.0,36377.2641731484,0.0,36375.016271083274,-2.2479020651226165,36377.2641731484
7.4,0.0,36377.2641731484,0.0,36375.00427108327,-2.259902065125061,36377.2641731484
7.42,0.0,36377.2641731484,0.0,36374.992271083276,-2.27190206512023,36377.2641731484
7.44,0.0,36377.2641731484,0.0,36374.980271083274,-2.2839020651226747,36377.2641731484
7.46,0.0,36377.2641731484,0.0,36374.96827108327,-2.2959020651251194,36377.2641731484
7.48,0.0,36377.2641731484,0.0,36374.956271083276,-2.307902065120288,36377.2641731484
7.5,0.0,36377.2641731484,0.0,36374.94427108327,-2.319902065122733,36377.2641731484
7.52,0.0,36377.2641731484,0.0,36374.93227108327,-2.3319020651251776,36377.2641731484
7.54,0.0,36377.2641731484,0.0,36374.920271083276,-2.3439020651203464,36377.2641731484
7.56,0.0,36377.2641731484,0.0,36374.90827108327,-2.355902065122791,36377.2641731484
7.58,0.0,36377.2641731484,0.0,36374.89627108327,-2.367902065125236,36377.2641731484
7.6,0.0,36377.2641731484,0.0,36374.884271083276,-2.3799020651204046,36377.2641731484
7.62,0.0,36377.2641731484,0.0,36374.87227108327,-2.3919020651228493,36377.2641731484
7.64,0.0,36377.2641731484,0.0,36374.86027108327,-2.403902065125294,36377.2641731484
7.66,0.0,36377.2641731484,0.0,36374.848271083276,-2.415902065120463,36377.2641731484
7.68,0.0,36377.2641731484,0.0,36374.83627108327,-2.4279020651229075,36377.2641731484
7.7,0.0,36377.2641731484,0.0,36374.82427108327,-2.4399020651253522,36377.2641731484
7.72,0.0,36377.2641731484,0.0,36374.812271083276,-2.451902065120521,36377.2641731484
7.74,0.0,36377.2641731484,0.0,36374.80027108327,-2.4639020651229657,36377.2641731484
7.76,0.0,36377.2641731484,0.0,36374.78827108327,-2.4759020651254104,36377.2641731484
7.78,0.0,36377.2641731484,0.0,36374.776271083276,-2.487902065120579,36377.2641731484
7.8,0.0,36377.2641731484,0.0,36374.76427108327,-2.499902065123024,36377.2641731484
7.82,0.0,36377.2641731484,0.0,36374.75227108327,-2.5119020651254687,36377.2641731484
7.84,0.0,36377.2641731484,0.0,36374.740271083276,-2.5239020651206374,36377.2641731484
7.86,0.0,36377.2641731484,0.0,36374.72827108327,-2.535902065123082,36377.2641731484
7.88,0.0,36377.2641731484,0.0,36374.71627108327,-2.547902065125527,36377.2641731484
7.9,0.0,36377.2641731484,0.0,36374.704271083276,-2.5599020651206956,36377.2641731484
7.92,0.0,36377.2641731484,0.0,36374.69227108327,-2.5719020651231403,36377.2641731484
7.94,0.0,36377.2641731484,0.0,36374.68027108327,-2.583902065125585,36377.2641731484
7.96,0.0,36377.2641731484,0.0,36374.668271083276,-2.595902065120754,36377.2641731484
7.98,0.0,36377.2641731484,0.0,36374.65627108327,-2.6079020651231986,36377.2641731484
8.0,0.0,36377.2641731484,0.0,36374.64427108327,-2.6199020651256433,36377.2641731484
8.02,0.0,36377.2641731484,0.0,36374.632271083276,-2.631902065120812,36377.2641731484
8.04,0.0,36377.2641731484,0.0,36374.62027108327,-2.6439020651232568,36377.2641731484
8.06,0.0,36377.2641731484,0.0,36374.60827108327,-2.6559020651257015,36377.2641731484
8.08,0.0,36377.2641731484,0.0,36374.596271083275,-2.6679020651208702,36377.2641731484
8.1,0.0,36377.2641731484,0.0,36374.58427108327,-2.679902065123315,36377.2641731484
8.12,0.0,36377.2641731484,0.0,36374.57227108327,-2.6919020651257597,36377.2641731484
8.14,0.0,36377.2641731484,0.0,36374.560271083275,-2.7039020651209285,36377.2641731484
8.16,0.0,36377.2641731484,0.0,36374.54827108327,-2.715902065123373,36377.2641731484
8.18,0.0,36377.2641731484,0.0,36374.53627108327,-2.727902065125818,36377.2641731484
8.2,0.0,36377.2641731484,0.0,36374.524271083275,-2.7399020651209867,36377.2641731484
8.22,0.0,36377.2641731484,0.0,36374.51227108327,-2.7519020651234314,36377.2641731484
8.24,0.0,36377.2641731484,0.0,36374.50027108327,-2.763902065125876,36377.2641731484
8.26,0.0,36377.2641731484,0.0,36374.488271083275,-2.775902065121045,36377.2641731484
8.28,0.0,36377.2641731484,0.0,36374.47627108327,-2.7879020651234896,36377.2641731484
8.3,0.0,36377.2641731484,0.0,36374.46427108327,-2.7999020651259343,36377.2641731484
8.32,0.0,36377.2641731484,0.0,36374.452271083275,-2.811902065121103,36377.2641731484
8.34,0.0,36377.2641731484,0.0,36374.44027108327,-2.823902065123548,36377.2641731484
8.36,0.0,36377.2641731484,0.0,36374.42827108327,-2.8359020651259925,36377.2641731484
8.38,0.0,36377.2641731484,0.0,36374.416271083275,-2.8479020651211613,36377.2641731484
8.4,0.0,36377.2641731484,0.0,36374.40427108327,-2.859902065123606,36377.2641731484
8.42,0.0,36377.2641731484,0.0,36374.39227108327,-2.8719020651260507,36377.2641731484
8.44,0.0,36377.2641731484,0.0,36374.380271083275,-2.8839020651212195,36377.2641731484
8.46,0.0,36377.2641731484,0.0,36374.36827108327,-2.895902065123664,36377.2641731484
8.48,0.0,36377.2641731484,0.0,36374.35627108327,-2.907902065126109,36377.2641731484
8.5,0.0,36377.2641731484,0.0,36374.344271083275,-2.9199020651212777,36377.2641731484
8.52,0.0,36377.2641731484,0.0,36374.33227108327,-2.9319020651237224,36377.2641731484
8.54,0.0,36377.2641731484,0.0,36374.32027108327,-2.943902065126167,36377.2641731484
8.56,0.0,36377.2641731484,0.0,36374.308271083275,-2.955902065121336,36377.2641731484
8.58,0.0,36377.2641731484,0.0,36374.29627108327,-2.9679020651237806,36377.2641731484
8.6,0.0,36377.2641731484,0.0,36374.28427108327,-2.9799020651262254,36377.2641731484
8.62,0.0,36377.2641731484,0.0,36374.272271083275,-2.991902065121394,36377.2641731484
8.64,0.0,36377.2641731484,0.0,36374.26027108327,-3.003902065123839,36377.2641731484
8.66,0.0,36377.2641731484,0.0,36374.24827108327,-3.0159020651262836,36377.2641731484
8.68,0.0,36377.2641731484,0.0,36374.236271083275,-3.0279020651214523,36377.2641731484
8.7,0.0,36377.2641731484,0.0,36374.22427108327,-3.039902065123897,36377.2641731484
8.72,0.0,36377.2641731484,0.0,36374.21227108327,-3.0519020651263418,36377.2641731484
8.74,0.0,36377.2641731484,0.0,36374.200271083275,-3.0639020651215105,36377.2641731484
8.76,0.0,36377.2641731484,0.0,36374.18827108327,-3.0759020651239553,36377.2641731484
8.78,0.0,36377.2641731484,0.0,36374.17627108328,-3.087902065119124,36377.2641731484
8.8,0.0,36377.2641731484,0.0,36374.164271083275,-3.0999020651215687,36377.2641731484
8.82,0.0,36377.2641731484,0.0,36374.15227108327,-3.1119020651240135,36377.2641731484
8.84,0.0,36377.2641731484,0.0,36374.14027108328,-3.1239020651191822,36377.2641731484
8.86,0.0,36377.2641731484,0.0,36374.128271083275,-3.135902065121627,36377.2641731484
8.88,0.0,36377.2641731484,0.0,36374.11627108327,-3.1479020651240717,36377.2641731484
8.9,0.0,36377.2641731484,0.0,36374.10427108328,-3.1599020651192404,36377.2641731484
8.92,0.0,36377.2641731484,0.0,36374.092271083275,-3.171902065121685,36377.2641731484
8.94,0.0,36377.2641731484,0.0,36374.08027108327,-3.18390206512413,36377.2641731484
8.96,0.0,36377.2641731484,0.0,36374.06827108328,-3.1959020651192986,36377.2641731484
8.98,0.0,36377.2641731484,0.0,36374.056271083275,-3.2079020651217434,36377.2641731484
9.0,0.0,36377.2641731484,0.0,36374.04427108327,-3.219902065124188,36377.2641731484
9.02,0.0,36377.2641731484,0.0,36374.03227108328,-3.231902065119357,36377.2641731484
9.04,0.0,36377.2641731484,0.0,36374.020271083275,-3.2439020651218016,36377.2641731484
9.06,0.0,36377.2641731484,0.0,36374.00827108327,-3.2559020651242463,36377.2641731484
9.08,0.0,36377.2641731484,0.0,36373.99627108328,-3.267902065119415,36377.2641731484
9.1,0.0,36377.2641731484,0.0,36373.984271083275,-3.2799020651218598,36377.2641731484
9.12,0.0,36377.2641731484,0.0,36373.97227108327,-3.2919020651243045,36377.2641731484
9.14,0.0,36377.2641731484,0.0,36373.96027108328,-3.3039020651194733,36377.2641731484
9.16,0.0,36377.2641731484,0.0,36373.948271083274,-3.315902065121918,36377.2641731484
9.18,0.0,36377.2641731484,0.0,36373.93627108327,-3.3279020651243627,36377.2641731484
9.2,0.0,36377.2641731484,0.0,36373.92427108328,-3.3399020651195315,36377.2641731484
9.22,0.0,36377.2641731484,0.0,36373.912271083274,-3.351902065121976,36377.2641731484
9.24,0.0,36377.2641731484,0.0,36373.90027108327,-3.363902065124421,36377.2641731484
9.26,0.0,36377.2641731484,0.0,36373.88827108328,-3.3759020651195897,36377.2641731484
9.28,0.0,36377.2641731484,0.0,36373.876271083274,-3.3879020651220344,36377.2641731484
9.3,0.0,36377.2641731484,0.0,36373.86427108327,-3.399902065124479,36377.2641731484
9.32,0.0,36377.2641731484,0.0,36373.85227108328,-3.411902065119648,36377.2641731484
9.34,0.0,36377.2641731484,0.0,36373.840271083274,-3.4239020651220926,36377.2641731484
9.36,0.0,36377.2641731484,0.0,36373.82827108327,-3.4359020651245373,36377.2641731484
9.38,0.0,36377.2641731484,0.0,36373.81627108328,-3.447902065119706,36377.2641731484
9.4,0.0,36377.2641731484,0.0,36373.804271083274,-3.459902065122151,36377.2641731484
9.42,0.0,36377.2641731484,0.0,36373.79227108327,-3.4719020651245955,36377.2641731484
9.44,0.0,36377.2641731484,0.0,36373.78027108328,-3.4839020651197643,36377.2641731484
9.46,0.0,36377.2641731484,0.0,36373.768271083274,-3.495902065122209,36377.2641731484
9.48,0.0,36377.2641731484,0.0,36373.75627108327,-3.5079020651246537,36377.2641731484
9.5,0.0,36377.2641731484,0.0,36373.74427108328,-3.5199020651198225,36377.2641731484
9.52,0.0,36377.2641731484,0.0,36373.732271083274,-3.5319020651222672,36377.2641731484
9.54,0.0,36377.2641731484,0.0,36373.72027108327,-3.543902065124712,36377.2641731484
9.56,0.0,36377.2641731484,0.0,36373.70827108328,-3.5559020651198807,36377.2641731484
9.58,0.0,36377.2641731484,0.0,36373.696271083274,-3.5679020651223254,36377.2641731484
9.6,0.0,36377.2641731484,0.0,36373.68427108327,-3.57990206512477,36377.2641731484
9.62,0.0,36377.2641731484,0.0,36373.67227108328,-3.591902065119939,36377.2641731484
9.64,0.0,36377.2641731484,0.0,36373.660271083274,-3.6039020651223836,36377.2641731484
9.66,0.0,36377.2641731484,0.0,36373.64827108327,-3.6159020651248284,36377.2641731484
9.68,0.0,36377.2641731484,0.0,36373.63627108328,-3.627902065119997,36377.2641731484
9.7,0.0,36377.2641731484,0.0,36373.624271083274,-3.639902065122442,36377.2641731484
9.72,0.0,36377.2641731484,0.0,36373.61227108327,-3.6519020651248866,36377.2641731484
9.74,0.0,36377.2641731484,0.0,36373.600271083276,-3.6639020651200553,36377.2641731484
9.76,0.0,36377.2641731484,0.0,36373.588271083274,-3.6759020651225,36377.2641731484
9.78,0.0,36377.2641731484,0.0,36373.57627108327,-3.687902065124945,36377.2641731484
9.8,0.0,36377.2641731484,0.0,36373.564271083276,-3.6999020651201135,36377.2641731484
9.82,0.0,36377.2641731484,0.0,36373.552271083274,-3.7119020651225583,36377.2641731484
9.84,0.0,36377.2641731484,0.0,36373.54027108327,-3.723902065125003,36377.2641731484
9.86,0.0,36377.2641731484,0.0,36373.528271083276,-3.7359020651201718,36377.2641731484
9.88,0.0,36377.2641731484,0.0,36373.516271083274,-3.7479020651226165,36377.2641731484
9.9,0.0,36377.2641731484,0.0,36373.50427108327,-3.759902065125061,36377.2641731484
9.92,0.0,36377.2641731484,0.0,36373.492271083276,-3.77190206512023,36377.2641731484
9.94,0.0,36377.2641731484,0.0,36373.480271083274,-3.7839020651226747,36377.2641731484
9.96,0.0,36377.2641731484,0.0,36373.46827108327,-3.7959020651251194,36377.2641731484
9.98,0.0,36377.2641731484,0.0,36373.456271083276,-3.807902065120288,36377.2641731484
10.0,0.0,36377.2641731484,0.0,36373.44427108327,-3.819902065122733,36377.2641731484
10.02,0.0,36377.2641731484,0.0,36373.43227108327,-3.8319020651251776,36377.2641731484
10.04,0.0,36377.2641731484,0.0,36373.420271083276,-3.8439020651203464,36377.2641731484
10.06,0.0,36377.2641731484,0.0,36373.40827108327,-3.855902065122791,36377.2641731484
10.08,0.0,36377.2641731484,0.0,36373.39627108327,-3.867902065125236,36377.2641731484
10.1,0.0,36377.2641731484,0.0,36373.384271083276,-3.8799020651204046,36377.2641731484
10.12,0.0,36377.2641731484,0.0,36373.37227108327,-3.8919020651228493,36377.2641731484
10.14,0.0,36377.2641731484,0.0,36373.36027108327,-3.903902065125294,36377.2641731484
10.16,0.0,36377.2641731484,0.0,36373.348271083276,-3.915902065120463,36377.2641731484
10.18,0.0,36377.2641731484,0.0,36373.33627108327,-3.9279020651229075,36377.2641731484
10.2,0.0,36377.2641731484,0.0,36373.32427108327,-3.9399020651253522,36377.2641731484
10.22,0.0,36377.2641731484,0.0,36373.312271083276,-3.951902065120521,36377.2641731484
10.24,0.0,36377.2641731484,0.0,36373.30027108327,-3.9639020651229657,36377.2641731484
10.26,0.0,36377.2641731484,0.0,36373.28827108327,-3.9759020651254104,36377.2641731484
10.28,0.0,36377.2641731484,0.0,36373.276271083276,-3.987902065120579,36377.2641731484
10.3,0.0,36377.2641731484,0.0,36373.26427108327,-3.999902065123024,36377.2641731484
10.32,0.0,36377.2641731484,0.0,36373.25227108327,-4.011902065125469,36377.2641731484
10.34,0.0,36377.2641731484,0.0,36373.240271083276,-4.023902065120637,36377.2641731484
10.36,0.0,36377.2641731484,0.0,36373.22827108327,-4.035902065123082,36377.2641731484
10.38,0.0,36377.2641731484,0.0,36373.21627108327,-4.047902065125527,36377.2641731484
10.4,0.0,36377.2641731484,0.0,36373.204271083276,-4.059902065120696,36377.2641731484
10.42,0.0,36377.2641731484,0.0,36373.19227108327,-4.07190206512314,36377.2641731484
10.44,0.0,36377.2641731484,0.0,36373.18027108327,-4.083902065125585,36377.2641731484
10.46,0.0,36377.2641731484,0.0,36373.168271083276,-4.095902065120754,36377.2641731484
10.48,0.0,36377.2641731484,0.0,36373.15627108327,-4.1079020651231986,36377.2641731484
10.5,0.0,36377.2641731484,0.0,36373.14427108327,-4.119902065125643,36377.2641731484
10.52,0.0,36377.2641731484,0.0,36373.132271083276,-4.131902065120812,36377.2641731484
10.54,0.0,36377.2641731484,0.0,36373.12027108327,-4.143902065123257,36377.2641731484
10.56,0.0,36377.2641731484,0.0,36373.10827108327,-4.1559020651257015,36377.2641731484
10.58,0.0,36377.2641731484,0.0,36373.096271083275,-4.16790206512087,36377.2641731484
10.6,0.0,36377.2641731484,0.0,36373.08427108327,-4.179902065123315,36377.2641731484
10.62,0.0,36377.2641731484,0.0,36373.07227108327,-4.19190206512576,36377.2641731484
10.64,0.0,36377.2641731484,0.0,36373.060271083275,-4.2039020651209285,36377.2641731484
10.66,0.0,36377.2641731484,0.0,36373.04827108327,-4.215902065123373,36377.2641731484
10.68,0.0,36377.2641731484,0.0,36373.03627108327,-4.227902065125818,36377.2641731484
10.7,0.0,36377.2641731484,0.0,36373.024271083275,-4.239902065120987,36377.2641731484
10.72,0.0,36377.2641731484,0.0,36373.01227108327,-4.251902065123431,36377.2641731484
10.74,0.0,36377.2641731484,0.0,36373.00027108327,-4.263902065125876,36377.2641731484
10.76,0.0,36377.2641731484,0.0,36372.988271083275,-4.275902065121045,36377.2641731484
10.78,0.0,36377.2641731484,0.0,36372.97627108327,-4.28790206512349,36377.2641731484
10.8,0.0,36377.2641731484,0.0,36372.96427108327,-4.299902065125934,36377.2641731484
10.82,0.0,36377.2641731484,0.0,36372.952271083275,-4.311902065121103,36377.2641731484
10.84,0.0,36377.2641731484,0.0,36372.94027108327,-4.323902065123548,36377.2641731484
10.86,0.0,36377.2641731484,0.0,36372.92827108327,-4.3359020651259925,36377.2641731484
10.88,0.0,36377.2641731484,0.0,36372.916271083275,-4.347902065121161,36377.2641731484
10.9,0.0,36377.2641731484,0.0,36372.90427108327,-4.359902065123606,36377.2641731484
10.92,0.0,36377.2641731484,0.0,36372.89227108327,-4.371902065126051,36377.2641731484
10.94,0.0,36377.2641731484,0.0,36372.880271083275,-4.3839020651212195,36377.2641731484
10.96,0.0,36377.2641731484,0.0,36372.86827108327,-4.395902065123664,36377.2641731484
10.98,0.0,36377.2641731484,0.0,36372.85627108327,-4.407902065126109,36377.2641731484
11.0,0.0,36377.2641731484,0.0,36372.844271083275,-4.419902065121278,36377.2641731484
11.02,0.0,36377.2641731484,0.0,36372.83227108327,-4.431902065123722,36377.2641731484
11.04,0.0,36377.2641731484,0.0,36372.82027108327,-4.443902065126167,36377.2641731484
11.06,0.0,36377.2641731484,0.0,36372.808271083275,-4.455902065121336,36377.2641731484
11.08,0.0,36377.2641731484,0.0,36372.79627108327,-4.467902065123781,36377.2641731484
11.1,0.0,36377.2641731484,0.0,36372.78427108327,-4.479902065126225,36377.2641731484
11.12,0.0,36377.2641731484,0.0,36372.772271083275,-4.491902065121394,36377.2641731484
11.14,0.0,36377.2641731484,0.0,36372.76027108327,-4.503902065123839,36377.2641731484
11.16,0.0,36377.2641731484,0.0,36372.74827108327,-4.515902065126284,36377.2641731484
11.18,0.0,36377.2641731484,0.0,36372.736271083275,-4.527902065121452,36377.2641731484
11.2,0.0,36377.2641731484,0.0,36372.72427108327,-4.539902065123897,36377.2641731484
11.22,0.0,36377.2641731484,0.0,36372.71227108327,-4.551902065126342,36377.2641731484
11.24,0.0,36377.2641731484,0.0,36372.700271083275,-4.5639020651215105,36377.2641731484
11.26,0.0,36377.2641731484,0.0,36372.68827108327,-4.575902065123955,36377.2641731484
11.28,0.0,36377.2641731484,0.0,36372.67627108328,-4.587902065119124,36377.2641731484
11.3,0.0,36377.2641731484,0.0,36372.664271083275,-4.599902065121569,36377.2641731484
11.32,0.0,36377.2641731484,0.0,36372.65227108327,-4.6119020651240135,36377.2641731484
11.34,0.0,36377.2641731484,0.0,36372.64027108328,-4.623902065119182,36377.2641731484
11.36,0.0,36377.2641731484,0.0,36372.628271083275,-4.635902065121627,36377.2641731484
11.38,0.0,36377.2641731484,0.0,36372.61627108327,-4.647902065124072,36377.2641731484
11.4,0.0,36377.2641731484,0.0,36372.60427108328,-4.65990206511924,36377.2641731484
11.42,0.0,36377.2641731484,0.0,36372.592271083275,-4.671902065121685,36377.2641731484
11.44,0.0,36377.2641731484,0.0,36372.58027108327,-4.68390206512413,36377.2641731484
11.46,0.0,36377.2641731484,0.0,36372.56827108328,-4.695902065119299,36377.2641731484
11.48,0.0,36377.2641731484,0.0,36372.556271083275,-4.707902065121743,36377.2641731484
11.5,0.0,36377.2641731484,0.0,36372.54427108327,-4.719902065124188,36377.2641731484
11.52,0.0,36377.2641731484,0.0,36372.53227108328,-4.731902065119357,36377.2641731484
11.54,0.0,36377.2641731484,0.0,36372.520271083275,-4.743902065121802,36377.2641731484
11.56,0.0,36377.2641731484,0.0,36372.50827108327,-4.755902065124246,36377.2641731484
11.58,0.0,36377.2641731484,0.0,36372.49627108328,-4.767902065119415,36377.2641731484
11.6,0.0,36377.2641731484,0.0,36372.484271083275,-4.77990206512186,36377.2641731484
11.62,0.0,36377.2641731484,0.0,36372.47227108327,-4.7919020651243045,36377.2641731484
11.64,0.0,36377.2641731484,0.0,36372.46027108328,-4.803902065119473,36377.2641731484
11.66,0.0,36377.2641731484,0.0,36372.448271083274,-4.815902065121918,36377.2641731484
11.68,0.0,36377.2641731484,0.0,36372.43627108327,-4.827902065124363,36377.2641731484
11.7,0.0,36377.2641731484,0.0,36372.42427108328,-4.8399020651195315,36377.2641731484
11.72,0.0,36377.2641731484,0.0,36372.412271083274,-4.851902065121976,36377.2641731484
11.74,0.0,36377.2641731484,0.0,36372.40027108327,-4.863902065124421,36377.2641731484
11.76,0.0,36377.2641731484,0.0,36372.38827108328,-4.87590206511959,36377.2641731484
11.78,0.0,36377.2641731484,0.0,36372.376271083274,-4.887902065122034,36377.2641731484
11.8,0.0,36377.2641731484,0.0,36372.36427108327,-4.899902065124479,36377.2641731484
11.82,0.0,36377.2641731484,0.0,36372.35227108328,-4.911902065119648,36377.2641731484
11.84,0.0,36377.2641731484,0.0,36372.340271083274,-4.923902065122093,36377.2641731484
11.86,0.0,36377.2641731484,0.0,36372.32827108327,-4.935902065124537,36377.2641731484
11.88,0.0,36377.2641731484,0.0,36372.31627108328,-4.947902065119706,36377.2641731484
11.9,0.0,36377.2641731484,0.0,36372.304271083274,-4.959902065122151,36377.2641731484
11.92,0.0,36377.2641731484,0.0,36372.29227108327,-4.9719020651245955,36377.2641731484
11.94,0.0,36377.2641731484,0.0,36372.28027108328,-4.983902065119764,36377.2641731484
11.96,0.0,36377.2641731484,0.0,36372.268271083274,-4.995902065122209,36377.2641731484
11.98,0.0,36377.2641731484,0.0,36372.25627108327,-5.007902065124654,36377.2641731484
12.0,0.0,36377.2641731484,0.0,36372.24427108328,-5.0199020651198225,36377.2641731484
12.02,0.0,36377.2641731484,0.0,36372.232271083274,-5.031902065122267,36377.2641731484
12.04,0.0,36377.2641731484,0.0,36372.22027108327,-5.043902065124712,36377.2641731484
12.06,0.0,36377.2641731484,0.0,36372.20827108328,-5.055902065119881,36377.2641731484
12.08,0.0,36377.2641731484,0.0,36372.196271083274,-5.067902065122325,36377.2641731484
12.1,0.0,36377.2641731484,0.0,36372.18427108327,-5.07990206512477,36377.2641731484
12.12,0.0,36377.2641731484,0.0,36372.17227108328,-5.091902065119939,36377.2641731484
12.14,0.0,36377.2641731484,0.0,36372.160271083274,-5.103902065122384,36377.2641731484
12.16,0.0,36377.2641731484,0.0,36372.14827108327,-5.115902065124828,36377.2641731484
12.18,0.0,36377.2641731484,0.0,36372.13627108328,-5.127902065119997,36377.2641731484
12.2,0.0,36377.2641731484,0.0,36372.124271083274,-5.139902065122442,36377.2641731484
12.22,0.0,36377.2641731484,0.0,36372.11227108327,-5.151902065124887,36377.2641731484
12.24,0.0,36377.2641731484,0.0,36372.100271083276,-5.163902065120055,36377.2641731484
12.26,0.0,36377.2641731484,0.0,36372.088271083274,-5.1759020651225,36377.2641731484
12.28,0.0,36377.2641731484,0.0,36372.07627108327,-5.187902065124945,36377.2641731484
12.3,0.0,36377.2641731484,0.0,36372.064271083276,-5.1999020651201135,36377.2641731484
12.32,0.0,36377.2641731484,0.0,36372.052271083274,-5.211902065122558,36377.2641731484
12.34,0.0,36377.2641731484,0.0,36372.04027108327,-5.223902065125003,36377.2641731484
12.36,0.0,36377.2641731484,0.0,36372.028271083276,-5.235902065120172,36377.2641731484
12.38,0.0,36377.2641731484,0.0,36372.016271083274,-5.2479020651226165,36377.2641731484
12.4,0.0,36377.2641731484,0.0,36372.00427108327,-5.259902065125061,36377.2641731484
12.42,0.0,36377.2641731484,0.0,36371.992271083276,-5.27190206512023,36377.2641731484
12.44,0.0,36377.2641731484,0.0,36371.980271083274,-5.283902065122675,36377.2641731484
12.46,0.0,36377.2641731484,0.0,36371.96827108327,-5.295902065125119,36377.2641731484
12.48,0.0,36377.2641731484,0.0,36371.956271083276,-5.307902065120288,36377.2641731484
12.5,0.0,36377.2641731484,0.0,36371.94427108327,-5.319902065122733,36377.2641731484
12.52,0.0,36377.2641731484,0.0,36371.93227108327,-5.331902065125178,36377.2641731484
12.54,0.0,36377.2641731484,0.0,36371.920271083276,-5.343902065120346,36377.2641731484
12.56,0.0,36377.2641731484,0.0,36371.90827108327,-5.355902065122791,36377.2641731484
12.58,0.0,36377.2641731484,0.0,36371.89627108327,-5.367902065125236,36377.2641731484
12.6,0.0,36377.2641731484,0.0,36371.884271083276,-5.379902065120405,36377.2641731484
12.62,0.0,36377.2641731484,0.0,36371.87227108327,-5.391902065122849,36377.2641731484
12.64,0.0,36377.2641731484,0.0,36371.86027108327,-5.403902065125294,36377.2641731484
12.66,0.0,36377.2641731484,0.0,36371.848271083276,-5.415902065120463,36377.2641731484
12.68,0.0,36377.2641731484,0.0,36371.83627108327,-5.4279020651229075,36377.2641731484
12.7,0.0,36377.2641731484,0.0,36371.82427108327,-5.439902065125352,36377.2641731484
12.72,0.0,36377.2641731484,0.0,36371.812271083276,-5.451902065120521,36377.2641731484
12.74,0.0,36377.2641731484,0.0,36371.80027108327,-5.463902065122966,36377.2641731484
12.76,0.0,36377.2641731484,0.0,36371.78827108327,-5.4759020651254104,36377.2641731484
12.78,0.0,36377.2641731484,0.0,36371.776271083276,-5.487902065120579,36377.2641731484
12.8,0.0,36377.2641731484,0.0,36371.76427108327,-5.499902065123024,36377.2641731484
12.82,0.0,36377.2641731484,0.0,36371.75227108327,-5.511902065125469,36377.2641731484
12.84,0.0,36377.2641731484,0.0,36371.740271083276,-5.523902065120637,36377.2641731484
12.86,0.0,36377.2641731484,0.0,36371.72827108327,-5.535902065123082,36377.2641731484
12.88,0.0,36377.2641731484,0.0,36371.71627108327,-5.547902065125527,36377.2641731484
12.9,0.0,36377.2641731484,0.0,36371.704271083276,-5.559902065120696,36377.2641731484
12.92,0.0,36377.2641731484,0.0,36371.69227108327,-5.57190206512314,36377.2641731484
12.94,0.0,36377.2641731484,0.0,36371.68027108327,-5.583902065125585,36377.2641731484
12.96,0.0,36377.2641731484,0.0,36371.668271083276,-5.595902065120754,36377.2641731484
12.98,0.0,36377.2641731484,0.0,36371.65627108327,-5.6079020651231986,36377.2641731484
13.0,0.0,36377.2641731484,0.0,36371.64427108327,-5.619902065125643,36377.2641731484
13.02,0.0,36377.2641731484,0.0,36371.632271083276,-5.631902065120812,36377.2641731484
13.04,0.0,36377.2641731484,0.0,36371.62027108327,-5.643902065123257,36377.2641731484
13.06,0.0,36377.2641731484,0.0,36371.60827108327,-5.6559020651257015,36377.2641731484
13.08,0.0,36377.2641731484,0.0,36371.596271083275,-5.66790206512087,36377.2641731484
13.1,0.0,36377.2641731484,0.0,36371.58427108327,-5.679902065123315,36377.2641731484
13.12,0.0,36377.2641731484,0.0,36371.57227108327,-5.69190206512576,36377.2641731484
13.14,0.0,36377.2641731484,0.0,36371.560271083275,-5.7039020651209285,36377.2641731484
13.16,0.0,36377.2641731484,0.0,36371.54827108327,-5.715902065123373,36377.2641731484
13.18,0.0,36377.2641731484,0.0,36371.53627108327,-5.727902065125818,36377.2641731484
13.2,0.0,36377.2641731484,0.0,36371.524271083275,-5.739902065120987,36377.2641731484
13.22,0.0,36377.2641731484,0.0,36371.51227108327,-5.751902065123431,36377.2641731484
13.24,0.0,36377.2641731484,0.0,36371.50027108327,-5.763902065125876,36377.2641731484
13.26,0.0,36377.2641731484,0.0,36371.488271083275,-5.775902065121045,36377.2641731484
13.28,0.0,36377.2641731484,0.0,36371.47627108327,-5.78790206512349,36377.2641731484
13.3,0.0,36377.2641731484,0.0,36371.46427108327,-5.799902065125934,36377.2641731484
13.32,0.0,36377.2641731484,0.0,36371.452271083275,-5.811902065121103,36377.2641731484
13.34,0.0,36377.2641731484,0.0,36371.44027108327,-5.823902065123548,36377.2641731484
13.36,0.0,36377.2641731484,0.0,36371.42827108327,-5.8359020651259925,36377.2641731484
13.38,0.0,36377.2641731484,0.0,36371.416271083275,-5.847902065121161,36377.2641731484
13.4,0.0,36377.2641731484,0.0,36371.40427108327,-5.859902065123606,36377.2641731484
13.42,0.0,36377.2641731484,0.0,36371.39227108327,-5.871902065126051,36377.2641731484
13.44,0.0,36377.2641731484,0.0,36371.380271083275,-5.8839020651212195,36377.2641731484
13.46,0.0,36377.2641731484,0.0,36371.36827108327,-5.895902065123664,36377.2641731484
13.48,0.0,36377.2641731484,0.0,36371.35627108327,-5.907902065126109,36377.2641731484
13.5,0.0,36377.2641731484,0.0,36371.344271083275,-5.919902065121278,36377.2641731484
13.52,0.0,36377.2641731484,0.0,36371.33227108327,-5.931902065123722,36377.2641731484
13.54,0.0,36377.2641731484,0.0,36371.32027108327,-5.943902065126167,36377.2641731484
13.56,0.0,36377.2641731484,0.0,36371.308271083275,-5.955902065121336,36377.2641731484
13.58,0.0,36377.2641731484,0.0,36371.29627108327,-5.967902065123781,36377.2641731484
13.6,0.0,36377.2641731484,0.0,36371.28427108327,-5.979902065126225,36377.2641731484
13.62,0.0,36377.2641731484,0.0,36371.272271083275,-5.991902065121394,36377.2641731484
13.64,0.0,36377.2641731484,0.0,36371.26027108327,-6.003902065123839,36377.2641731484
13.66,0.0,36377.2641731484,0.0,36371.24827108327,-6.015902065126284,36377.2641731484
13.68,0.0,36377.2641731484,0.0,36371.236271083275,-6.027902065121452,36377.2641731484
13.7,0.0,36377.2641731484,0.0,36371.22427108327,-6.039902065123897,36377.2641731484
13.72,0.0,36377.2641731484,0.0,36371.21227108327,-6.051902065126342,36377.2641731484
13.74,0.0,36377.2641731484,0.0,36371.200271083275,-6.0639020651215105,36377.2641731484
13.76,0.0,36377.2641731484,0.0,36371.18827108327,-6.075902065123955,36377.2641731484
13.78,0.0,36377.2641731484,0.0,36371.17627108328,-6.087902065119124,36377.2641731484
13.8,0.0,36377.2641731484,0.0,36371.164271083275,-6.099902065121569,36377.2641731484
13.82,0.0,36377.2641731484,0.0,36371.15227108327,-6.1119020651240135,36377.2641731484
13.84,0.0,36377.2641731484,0.0,36371.14027108328,-6.123902065119182,36377.2641731484
13.86,0.0,36377.2641731484,0.0,36371.128271083275,-6.135902065121627,36377.2641731484
13.88,0.0,36377.2641731484,0.0,36371.11627108327,-6.147902065124072,36377.2641731484
13.9,0.0,36377.2641731484,0.0,36371.10427108328,-6.15990206511924,36377.2641731484
13.92,0.0,36377.2641731484,0.0,36371.092271083275,-6.171902065121685,36377.2641731484
13.94,0.0,36377.2641731484,0.0,36371.08027108327,-6.18390206512413,36377.2641731484
13.96,0.0,36377.2641731484,0.0,36371.06827108328,-6.195902065119299,36377.2641731484
13.98,0.0,36377.2641731484,0.0,36371.056271083275,-6.207902065121743,36377.2641731484
14.0,0.0,36377.2641731484,0.0,36371.04427108327,-6.219902065124188,36377.2641731484
14.02,0.0,36377.2641731484,0.0,36371.03227108328,-6.231902065119357,36377.2641731484
14.04,0.0,36377.2641731484,0.0,36371.020271083275,-6.243902065121802,36377.2641731484
14.06,0.0,36377.2641731484,0.0,36371.00827108327,-6.255902065124246,36377.2641731484
14.08,0.0,36377.2641731484,0.0,36370.99627108328,-6.267902065119415,36377.2641731484
14.1,0.0,36377.2641731484,0.0,36370.984271083275,-6.27990206512186,36377.2641731484
14.12,0.0,36377.2641731484,0.0,36370.97227108327,-6.2919020651243045,36377.2641731484
14.14,0.0,36377.2641731484,0.0,36370.96027108328,-6.303902065119473,36377.2641731484
14.16,0.0,36377.2641731484,0.0,36370.948271083274,-6.315902065121918,36377.2641731484
14.18,0.0,36377.2641731484,0.0,36370.93627108327,-6.327902065124363,36377.2641731484
14.2,0.0,36377.2641731484,0.0,36370.92427108328,-6.3399020651195315,36377.2641731484
14.22,0.0,36377.2641731484,0.0,36370.912271083274,-6.351902065121976,36377.2641731484
14.24,0.0,36377.2641731484,0.0,36370.90027108327,-6.363902065124421,36377.2641731484
14.26,0.0,36377.2641731484,0.0,36370.88827108328,-6.37590206511959,36377.2641731484
14.28,0.0,36377.2641731484,0.0,36370.876271083274,-6.387902065122034,36377.2641731484
14.3,0.0,36377.2641731484,0.0,36370.86427108327,-6.399902065124479,36377.2641731484
14.32,0.0,36377.2641731484,0.0,36370.85227108328,-6.411902065119648,36377.2641731484
14.34,0.0,36377.2641731484,0.0,36370.840271083274,-6.423902065122093,36377.2641731484
14.36,0.0,36377.2641731484,0.0,36370.82827108327,-6.435902065124537,36377.2641731484
14.38,0.0,36377.2641731484,0.0,36370.81627108328,-6.447902065119706,36377.2641731484
14.4,0.0,36377.2641731484,0.0,36370.804271083274,-6.459902065122151,36377.2641731484
14.42,0.0,36377.2641731484,0.0,36370.79227108327,-6.4719020651245955,36377.2641731484
14.44,0.0,36377.2641731484,0.0,36370.78027108328,-6.483902065119764,36377.2641731484
14.46,0.0,36377.2641731484,0.0,36370.768271083274,-6.495902065122209,36377.2641731484
14.48,0.0,36377.2641731484,0.0,36370.75627108327,-6.507902065124654,36377.2641731484
14.5,0.0,36377.2641731484,0.0,36370.74427108328,-6.5199020651198225,36377.2641731484
14.52,0.0,36377.2641731484,0.0,36370.732271083274,-6.531902065122267,36377.2641731484
14.54,0.0,36377.2641731484,0.0,36370.72027108327,-6.543902065124712,36377.2641731484
14.56,0.0,36377.2641731484,0.0,36370.70827108328,-6.555902065119881,36377.2641731484
14.58,0.0,36377.2641731484,0.0,36370.696271083274,-6.567902065122325,36377.2641731484
14.6,0.0,36377.2641731484,0.0,36370.68427108327,-6.57990206512477,36377.2641731484
14.62,0.0,36377.2641731484,0.0,36370.67227108328,-6.591902065119939,36377.2641731484
14.64,0.0,36377.2641731484,0.0,36370.660271083274,-6.603902065122384,36377.2641731484
14.66,0.0,36377.2641731484,0.0,36370.64827108327,-6.615902065124828,36377.2641731484
14.68,0.0,36377.2641731484,0.0,36370.63627108328,-6.627902065119997,36377.2641731484
14.7,0.0,36377.2641731484,0.0,36370.624271083274,-6.639902065122442,36377.2641731484
14.72,0.0,36377.2641731484,0.0,36370.61227108327,-6.651902065124887,36377.2641731484
14.74,0.0,36377.2641731484,0.0,36370.600271083276,-6.663902065120055,36377.2641731484
14.76,0.0,36377.2641731484,0.0,36370.588271083274,-6.6759020651225,36377.2641731484
14.78,0.0,36377.2641731484,0.0,36370.57627108327,-6.687902065124945,36377.2641731484
14.8,0.0,36377.2641731484,0.0,36370.564271083276,-6.6999020651201135,36377.2641731484
14.82,0.0,36377.2641731484,0.0,36370.552271083274,-6.711902065122558,36377.2641731484
14.84,0.0,36377.2641731484,0.0,36370.54027108327,-6.723902065125003,36377.2641731484
14.86,0.0,36377.2641731484,0.0,36370.528271083276,-6.735902065120172,36377.2641731484
14.88,0.0,36377.2641731484,0.0,36370.516271083274,-6.7479020651226165,36377.2641731484
14.9,0.0,36377.2641731484,0.0,36370.50427108327,-6.759902065125061,36377.2641731484
14.92,0.0,36377.2641731484,0.0,36370.492271083276,-6.77190206512023,36377.2641731484
14.94,0.0,36377.2641731484,0.0,36370.480271083274,-6.783902065122675,36377.2641731484
14.96,0.0,36377.2641731484,0.0,36370.46827108327,-6.795902065125119,36377.2641731484
14.98,0.0,36377.2641731484,0.0,36370.456271083276,-6.807902065120288,36377.2641731484
15.0,0.0,36377.2641731484,0.0,36370.44427108327,-6.819902065122733,36377.2641731484
